emotion,gender,actor,path
neutral,male,1,../data/raw\Actor_01\03-01-01-01-01-01-01.wav
neutral,male,1,../data/raw\Actor_01\03-01-01-01-01-02-01.wav
neutral,male,1,../data/raw\Actor_01\03-01-01-01-02-01-01.wav
neutral,male,1,../data/raw\Actor_01\03-01-01-01-02-02-01.wav
calm,male,1,../data/raw\Actor_01\03-01-02-01-01-01-01.wav
calm,male,1,../data/raw\Actor_01\03-01-02-01-01-02-01.wav
calm,male,1,../data/raw\Actor_01\03-01-02-01-02-01-01.wav
calm,male,1,../data/raw\Actor_01\03-01-02-01-02-02-01.wav
calm,male,1,../data/raw\Actor_01\03-01-02-02-01-01-01.wav
calm,male,1,../data/raw\Actor_01\03-01-02-02-01-02-01.wav
calm,male,1,../data/raw\Actor_01\03-01-02-02-02-01-01.wav
calm,male,1,../data/raw\Actor_01\03-01-02-02-02-02-01.wav
happy,male,1,../data/raw\Actor_01\03-01-03-01-01-01-01.wav
happy,male,1,../data/raw\Actor_01\03-01-03-01-01-02-01.wav
happy,male,1,../data/raw\Actor_01\03-01-03-01-02-01-01.wav
happy,male,1,../data/raw\Actor_01\03-01-03-01-02-02-01.wav
happy,male,1,../data/raw\Actor_01\03-01-03-02-01-01-01.wav
happy,male,1,../data/raw\Actor_01\03-01-03-02-01-02-01.wav
happy,male,1,../data/raw\Actor_01\03-01-03-02-02-01-01.wav
happy,male,1,../data/raw\Actor_01\03-01-03-02-02-02-01.wav
sad,male,1,../data/raw\Actor_01\03-01-04-01-01-01-01.wav
sad,male,1,../data/raw\Actor_01\03-01-04-01-01-02-01.wav
sad,male,1,../data/raw\Actor_01\03-01-04-01-02-01-01.wav
sad,male,1,../data/raw\Actor_01\03-01-04-01-02-02-01.wav
sad,male,1,../data/raw\Actor_01\03-01-04-02-01-01-01.wav
sad,male,1,../data/raw\Actor_01\03-01-04-02-01-02-01.wav
sad,male,1,../data/raw\Actor_01\03-01-04-02-02-01-01.wav
sad,male,1,../data/raw\Actor_01\03-01-04-02-02-02-01.wav
angry,male,1,../data/raw\Actor_01\03-01-05-01-01-01-01.wav
angry,male,1,../data/raw\Actor_01\03-01-05-01-01-02-01.wav
angry,male,1,../data/raw\Actor_01\03-01-05-01-02-01-01.wav
angry,male,1,../data/raw\Actor_01\03-01-05-01-02-02-01.wav
angry,male,1,../data/raw\Actor_01\03-01-05-02-01-01-01.wav
angry,male,1,../data/raw\Actor_01\03-01-05-02-01-02-01.wav
angry,male,1,../data/raw\Actor_01\03-01-05-02-02-01-01.wav
angry,male,1,../data/raw\Actor_01\03-01-05-02-02-02-01.wav
fear,male,1,../data/raw\Actor_01\03-01-06-01-01-01-01.wav
fear,male,1,../data/raw\Actor_01\03-01-06-01-01-02-01.wav
fear,male,1,../data/raw\Actor_01\03-01-06-01-02-01-01.wav
fear,male,1,../data/raw\Actor_01\03-01-06-01-02-02-01.wav
fear,male,1,../data/raw\Actor_01\03-01-06-02-01-01-01.wav
fear,male,1,../data/raw\Actor_01\03-01-06-02-01-02-01.wav
fear,male,1,../data/raw\Actor_01\03-01-06-02-02-01-01.wav
fear,male,1,../data/raw\Actor_01\03-01-06-02-02-02-01.wav
disgust,male,1,../data/raw\Actor_01\03-01-07-01-01-01-01.wav
disgust,male,1,../data/raw\Actor_01\03-01-07-01-01-02-01.wav
disgust,male,1,../data/raw\Actor_01\03-01-07-01-02-01-01.wav
disgust,male,1,../data/raw\Actor_01\03-01-07-01-02-02-01.wav
disgust,male,1,../data/raw\Actor_01\03-01-07-02-01-01-01.wav
disgust,male,1,../data/raw\Actor_01\03-01-07-02-01-02-01.wav
disgust,male,1,../data/raw\Actor_01\03-01-07-02-02-01-01.wav
disgust,male,1,../data/raw\Actor_01\03-01-07-02-02-02-01.wav
surprise,male,1,../data/raw\Actor_01\03-01-08-01-01-01-01.wav
surprise,male,1,../data/raw\Actor_01\03-01-08-01-01-02-01.wav
surprise,male,1,../data/raw\Actor_01\03-01-08-01-02-01-01.wav
surprise,male,1,../data/raw\Actor_01\03-01-08-01-02-02-01.wav
surprise,male,1,../data/raw\Actor_01\03-01-08-02-01-01-01.wav
surprise,male,1,../data/raw\Actor_01\03-01-08-02-01-02-01.wav
surprise,male,1,../data/raw\Actor_01\03-01-08-02-02-01-01.wav
surprise,male,1,../data/raw\Actor_01\03-01-08-02-02-02-01.wav
neutral,female,2,../data/raw\Actor_02\03-01-01-01-01-01-02.wav
neutral,female,2,../data/raw\Actor_02\03-01-01-01-01-02-02.wav
neutral,female,2,../data/raw\Actor_02\03-01-01-01-02-01-02.wav
neutral,female,2,../data/raw\Actor_02\03-01-01-01-02-02-02.wav
calm,female,2,../data/raw\Actor_02\03-01-02-01-01-01-02.wav
calm,female,2,../data/raw\Actor_02\03-01-02-01-01-02-02.wav
calm,female,2,../data/raw\Actor_02\03-01-02-01-02-01-02.wav
calm,female,2,../data/raw\Actor_02\03-01-02-01-02-02-02.wav
calm,female,2,../data/raw\Actor_02\03-01-02-02-01-01-02.wav
calm,female,2,../data/raw\Actor_02\03-01-02-02-01-02-02.wav
calm,female,2,../data/raw\Actor_02\03-01-02-02-02-01-02.wav
calm,female,2,../data/raw\Actor_02\03-01-02-02-02-02-02.wav
happy,female,2,../data/raw\Actor_02\03-01-03-01-01-01-02.wav
happy,female,2,../data/raw\Actor_02\03-01-03-01-01-02-02.wav
happy,female,2,../data/raw\Actor_02\03-01-03-01-02-01-02.wav
happy,female,2,../data/raw\Actor_02\03-01-03-01-02-02-02.wav
happy,female,2,../data/raw\Actor_02\03-01-03-02-01-01-02.wav
happy,female,2,../data/raw\Actor_02\03-01-03-02-01-02-02.wav
happy,female,2,../data/raw\Actor_02\03-01-03-02-02-01-02.wav
happy,female,2,../data/raw\Actor_02\03-01-03-02-02-02-02.wav
sad,female,2,../data/raw\Actor_02\03-01-04-01-01-01-02.wav
sad,female,2,../data/raw\Actor_02\03-01-04-01-01-02-02.wav
sad,female,2,../data/raw\Actor_02\03-01-04-01-02-01-02.wav
sad,female,2,../data/raw\Actor_02\03-01-04-01-02-02-02.wav
sad,female,2,../data/raw\Actor_02\03-01-04-02-01-01-02.wav
sad,female,2,../data/raw\Actor_02\03-01-04-02-01-02-02.wav
sad,female,2,../data/raw\Actor_02\03-01-04-02-02-01-02.wav
sad,female,2,../data/raw\Actor_02\03-01-04-02-02-02-02.wav
angry,female,2,../data/raw\Actor_02\03-01-05-01-01-01-02.wav
angry,female,2,../data/raw\Actor_02\03-01-05-01-01-02-02.wav
angry,female,2,../data/raw\Actor_02\03-01-05-01-02-01-02.wav
angry,female,2,../data/raw\Actor_02\03-01-05-01-02-02-02.wav
angry,female,2,../data/raw\Actor_02\03-01-05-02-01-01-02.wav
angry,female,2,../data/raw\Actor_02\03-01-05-02-01-02-02.wav
angry,female,2,../data/raw\Actor_02\03-01-05-02-02-01-02.wav
angry,female,2,../data/raw\Actor_02\03-01-05-02-02-02-02.wav
fear,female,2,../data/raw\Actor_02\03-01-06-01-01-01-02.wav
fear,female,2,../data/raw\Actor_02\03-01-06-01-01-02-02.wav
fear,female,2,../data/raw\Actor_02\03-01-06-01-02-01-02.wav
fear,female,2,../data/raw\Actor_02\03-01-06-01-02-02-02.wav
fear,female,2,../data/raw\Actor_02\03-01-06-02-01-01-02.wav
fear,female,2,../data/raw\Actor_02\03-01-06-02-01-02-02.wav
fear,female,2,../data/raw\Actor_02\03-01-06-02-02-01-02.wav
fear,female,2,../data/raw\Actor_02\03-01-06-02-02-02-02.wav
disgust,female,2,../data/raw\Actor_02\03-01-07-01-01-01-02.wav
disgust,female,2,../data/raw\Actor_02\03-01-07-01-01-02-02.wav
disgust,female,2,../data/raw\Actor_02\03-01-07-01-02-01-02.wav
disgust,female,2,../data/raw\Actor_02\03-01-07-01-02-02-02.wav
disgust,female,2,../data/raw\Actor_02\03-01-07-02-01-01-02.wav
disgust,female,2,../data/raw\Actor_02\03-01-07-02-01-02-02.wav
disgust,female,2,../data/raw\Actor_02\03-01-07-02-02-01-02.wav
disgust,female,2,../data/raw\Actor_02\03-01-07-02-02-02-02.wav
surprise,female,2,../data/raw\Actor_02\03-01-08-01-01-01-02.wav
surprise,female,2,../data/raw\Actor_02\03-01-08-01-01-02-02.wav
surprise,female,2,../data/raw\Actor_02\03-01-08-01-02-01-02.wav
surprise,female,2,../data/raw\Actor_02\03-01-08-01-02-02-02.wav
surprise,female,2,../data/raw\Actor_02\03-01-08-02-01-01-02.wav
surprise,female,2,../data/raw\Actor_02\03-01-08-02-01-02-02.wav
surprise,female,2,../data/raw\Actor_02\03-01-08-02-02-01-02.wav
surprise,female,2,../data/raw\Actor_02\03-01-08-02-02-02-02.wav
neutral,male,3,../data/raw\Actor_03\03-01-01-01-01-01-03.wav
neutral,male,3,../data/raw\Actor_03\03-01-01-01-01-02-03.wav
neutral,male,3,../data/raw\Actor_03\03-01-01-01-02-01-03.wav
neutral,male,3,../data/raw\Actor_03\03-01-01-01-02-02-03.wav
calm,male,3,../data/raw\Actor_03\03-01-02-01-01-01-03.wav
calm,male,3,../data/raw\Actor_03\03-01-02-01-01-02-03.wav
calm,male,3,../data/raw\Actor_03\03-01-02-01-02-01-03.wav
calm,male,3,../data/raw\Actor_03\03-01-02-01-02-02-03.wav
calm,male,3,../data/raw\Actor_03\03-01-02-02-01-01-03.wav
calm,male,3,../data/raw\Actor_03\03-01-02-02-01-02-03.wav
calm,male,3,../data/raw\Actor_03\03-01-02-02-02-01-03.wav
calm,male,3,../data/raw\Actor_03\03-01-02-02-02-02-03.wav
happy,male,3,../data/raw\Actor_03\03-01-03-01-01-01-03.wav
happy,male,3,../data/raw\Actor_03\03-01-03-01-01-02-03.wav
happy,male,3,../data/raw\Actor_03\03-01-03-01-02-01-03.wav
happy,male,3,../data/raw\Actor_03\03-01-03-01-02-02-03.wav
happy,male,3,../data/raw\Actor_03\03-01-03-02-01-01-03.wav
happy,male,3,../data/raw\Actor_03\03-01-03-02-01-02-03.wav
happy,male,3,../data/raw\Actor_03\03-01-03-02-02-01-03.wav
happy,male,3,../data/raw\Actor_03\03-01-03-02-02-02-03.wav
sad,male,3,../data/raw\Actor_03\03-01-04-01-01-01-03.wav
sad,male,3,../data/raw\Actor_03\03-01-04-01-01-02-03.wav
sad,male,3,../data/raw\Actor_03\03-01-04-01-02-01-03.wav
sad,male,3,../data/raw\Actor_03\03-01-04-01-02-02-03.wav
sad,male,3,../data/raw\Actor_03\03-01-04-02-01-01-03.wav
sad,male,3,../data/raw\Actor_03\03-01-04-02-01-02-03.wav
sad,male,3,../data/raw\Actor_03\03-01-04-02-02-01-03.wav
sad,male,3,../data/raw\Actor_03\03-01-04-02-02-02-03.wav
angry,male,3,../data/raw\Actor_03\03-01-05-01-01-01-03.wav
angry,male,3,../data/raw\Actor_03\03-01-05-01-01-02-03.wav
angry,male,3,../data/raw\Actor_03\03-01-05-01-02-01-03.wav
angry,male,3,../data/raw\Actor_03\03-01-05-01-02-02-03.wav
angry,male,3,../data/raw\Actor_03\03-01-05-02-01-01-03.wav
angry,male,3,../data/raw\Actor_03\03-01-05-02-01-02-03.wav
angry,male,3,../data/raw\Actor_03\03-01-05-02-02-01-03.wav
angry,male,3,../data/raw\Actor_03\03-01-05-02-02-02-03.wav
fear,male,3,../data/raw\Actor_03\03-01-06-01-01-01-03.wav
fear,male,3,../data/raw\Actor_03\03-01-06-01-01-02-03.wav
fear,male,3,../data/raw\Actor_03\03-01-06-01-02-01-03.wav
fear,male,3,../data/raw\Actor_03\03-01-06-01-02-02-03.wav
fear,male,3,../data/raw\Actor_03\03-01-06-02-01-01-03.wav
fear,male,3,../data/raw\Actor_03\03-01-06-02-01-02-03.wav
fear,male,3,../data/raw\Actor_03\03-01-06-02-02-01-03.wav
fear,male,3,../data/raw\Actor_03\03-01-06-02-02-02-03.wav
disgust,male,3,../data/raw\Actor_03\03-01-07-01-01-01-03.wav
disgust,male,3,../data/raw\Actor_03\03-01-07-01-01-02-03.wav
disgust,male,3,../data/raw\Actor_03\03-01-07-01-02-01-03.wav
disgust,male,3,../data/raw\Actor_03\03-01-07-01-02-02-03.wav
disgust,male,3,../data/raw\Actor_03\03-01-07-02-01-01-03.wav
disgust,male,3,../data/raw\Actor_03\03-01-07-02-01-02-03.wav
disgust,male,3,../data/raw\Actor_03\03-01-07-02-02-01-03.wav
disgust,male,3,../data/raw\Actor_03\03-01-07-02-02-02-03.wav
surprise,male,3,../data/raw\Actor_03\03-01-08-01-01-01-03.wav
surprise,male,3,../data/raw\Actor_03\03-01-08-01-01-02-03.wav
surprise,male,3,../data/raw\Actor_03\03-01-08-01-02-01-03.wav
surprise,male,3,../data/raw\Actor_03\03-01-08-01-02-02-03.wav
surprise,male,3,../data/raw\Actor_03\03-01-08-02-01-01-03.wav
surprise,male,3,../data/raw\Actor_03\03-01-08-02-01-02-03.wav
surprise,male,3,../data/raw\Actor_03\03-01-08-02-02-01-03.wav
surprise,male,3,../data/raw\Actor_03\03-01-08-02-02-02-03.wav
neutral,female,4,../data/raw\Actor_04\03-01-01-01-01-01-04.wav
neutral,female,4,../data/raw\Actor_04\03-01-01-01-01-02-04.wav
neutral,female,4,../data/raw\Actor_04\03-01-01-01-02-01-04.wav
neutral,female,4,../data/raw\Actor_04\03-01-01-01-02-02-04.wav
calm,female,4,../data/raw\Actor_04\03-01-02-01-01-01-04.wav
calm,female,4,../data/raw\Actor_04\03-01-02-01-01-02-04.wav
calm,female,4,../data/raw\Actor_04\03-01-02-01-02-01-04.wav
calm,female,4,../data/raw\Actor_04\03-01-02-01-02-02-04.wav
calm,female,4,../data/raw\Actor_04\03-01-02-02-01-01-04.wav
calm,female,4,../data/raw\Actor_04\03-01-02-02-01-02-04.wav
calm,female,4,../data/raw\Actor_04\03-01-02-02-02-01-04.wav
calm,female,4,../data/raw\Actor_04\03-01-02-02-02-02-04.wav
happy,female,4,../data/raw\Actor_04\03-01-03-01-01-01-04.wav
happy,female,4,../data/raw\Actor_04\03-01-03-01-01-02-04.wav
happy,female,4,../data/raw\Actor_04\03-01-03-01-02-01-04.wav
happy,female,4,../data/raw\Actor_04\03-01-03-01-02-02-04.wav
happy,female,4,../data/raw\Actor_04\03-01-03-02-01-01-04.wav
happy,female,4,../data/raw\Actor_04\03-01-03-02-01-02-04.wav
happy,female,4,../data/raw\Actor_04\03-01-03-02-02-01-04.wav
happy,female,4,../data/raw\Actor_04\03-01-03-02-02-02-04.wav
sad,female,4,../data/raw\Actor_04\03-01-04-01-01-01-04.wav
sad,female,4,../data/raw\Actor_04\03-01-04-01-01-02-04.wav
sad,female,4,../data/raw\Actor_04\03-01-04-01-02-01-04.wav
sad,female,4,../data/raw\Actor_04\03-01-04-01-02-02-04.wav
sad,female,4,../data/raw\Actor_04\03-01-04-02-01-01-04.wav
sad,female,4,../data/raw\Actor_04\03-01-04-02-01-02-04.wav
sad,female,4,../data/raw\Actor_04\03-01-04-02-02-01-04.wav
sad,female,4,../data/raw\Actor_04\03-01-04-02-02-02-04.wav
angry,female,4,../data/raw\Actor_04\03-01-05-01-01-01-04.wav
angry,female,4,../data/raw\Actor_04\03-01-05-01-01-02-04.wav
angry,female,4,../data/raw\Actor_04\03-01-05-01-02-01-04.wav
angry,female,4,../data/raw\Actor_04\03-01-05-01-02-02-04.wav
angry,female,4,../data/raw\Actor_04\03-01-05-02-01-01-04.wav
angry,female,4,../data/raw\Actor_04\03-01-05-02-01-02-04.wav
angry,female,4,../data/raw\Actor_04\03-01-05-02-02-01-04.wav
angry,female,4,../data/raw\Actor_04\03-01-05-02-02-02-04.wav
fear,female,4,../data/raw\Actor_04\03-01-06-01-01-01-04.wav
fear,female,4,../data/raw\Actor_04\03-01-06-01-01-02-04.wav
fear,female,4,../data/raw\Actor_04\03-01-06-01-02-01-04.wav
fear,female,4,../data/raw\Actor_04\03-01-06-01-02-02-04.wav
fear,female,4,../data/raw\Actor_04\03-01-06-02-01-01-04.wav
fear,female,4,../data/raw\Actor_04\03-01-06-02-01-02-04.wav
fear,female,4,../data/raw\Actor_04\03-01-06-02-02-01-04.wav
fear,female,4,../data/raw\Actor_04\03-01-06-02-02-02-04.wav
disgust,female,4,../data/raw\Actor_04\03-01-07-01-01-01-04.wav
disgust,female,4,../data/raw\Actor_04\03-01-07-01-01-02-04.wav
disgust,female,4,../data/raw\Actor_04\03-01-07-01-02-01-04.wav
disgust,female,4,../data/raw\Actor_04\03-01-07-01-02-02-04.wav
disgust,female,4,../data/raw\Actor_04\03-01-07-02-01-01-04.wav
disgust,female,4,../data/raw\Actor_04\03-01-07-02-01-02-04.wav
disgust,female,4,../data/raw\Actor_04\03-01-07-02-02-01-04.wav
disgust,female,4,../data/raw\Actor_04\03-01-07-02-02-02-04.wav
surprise,female,4,../data/raw\Actor_04\03-01-08-01-01-01-04.wav
surprise,female,4,../data/raw\Actor_04\03-01-08-01-01-02-04.wav
surprise,female,4,../data/raw\Actor_04\03-01-08-01-02-01-04.wav
surprise,female,4,../data/raw\Actor_04\03-01-08-01-02-02-04.wav
surprise,female,4,../data/raw\Actor_04\03-01-08-02-01-01-04.wav
surprise,female,4,../data/raw\Actor_04\03-01-08-02-01-02-04.wav
surprise,female,4,../data/raw\Actor_04\03-01-08-02-02-01-04.wav
surprise,female,4,../data/raw\Actor_04\03-01-08-02-02-02-04.wav
neutral,male,5,../data/raw\Actor_05\03-01-01-01-01-01-05.wav
neutral,male,5,../data/raw\Actor_05\03-01-01-01-01-02-05.wav
neutral,male,5,../data/raw\Actor_05\03-01-01-01-02-01-05.wav
neutral,male,5,../data/raw\Actor_05\03-01-01-01-02-02-05.wav
calm,male,5,../data/raw\Actor_05\03-01-02-01-01-01-05.wav
calm,male,5,../data/raw\Actor_05\03-01-02-01-01-02-05.wav
calm,male,5,../data/raw\Actor_05\03-01-02-01-02-01-05.wav
calm,male,5,../data/raw\Actor_05\03-01-02-01-02-02-05.wav
calm,male,5,../data/raw\Actor_05\03-01-02-02-01-01-05.wav
calm,male,5,../data/raw\Actor_05\03-01-02-02-01-02-05.wav
calm,male,5,../data/raw\Actor_05\03-01-02-02-02-01-05.wav
calm,male,5,../data/raw\Actor_05\03-01-02-02-02-02-05.wav
happy,male,5,../data/raw\Actor_05\03-01-03-01-01-01-05.wav
happy,male,5,../data/raw\Actor_05\03-01-03-01-01-02-05.wav
happy,male,5,../data/raw\Actor_05\03-01-03-01-02-01-05.wav
happy,male,5,../data/raw\Actor_05\03-01-03-01-02-02-05.wav
happy,male,5,../data/raw\Actor_05\03-01-03-02-01-01-05.wav
happy,male,5,../data/raw\Actor_05\03-01-03-02-01-02-05.wav
happy,male,5,../data/raw\Actor_05\03-01-03-02-02-01-05.wav
happy,male,5,../data/raw\Actor_05\03-01-03-02-02-02-05.wav
sad,male,5,../data/raw\Actor_05\03-01-04-01-01-01-05.wav
sad,male,5,../data/raw\Actor_05\03-01-04-01-01-02-05.wav
sad,male,5,../data/raw\Actor_05\03-01-04-01-02-01-05.wav
sad,male,5,../data/raw\Actor_05\03-01-04-01-02-02-05.wav
sad,male,5,../data/raw\Actor_05\03-01-04-02-01-01-05.wav
sad,male,5,../data/raw\Actor_05\03-01-04-02-01-02-05.wav
sad,male,5,../data/raw\Actor_05\03-01-04-02-02-01-05.wav
sad,male,5,../data/raw\Actor_05\03-01-04-02-02-02-05.wav
angry,male,5,../data/raw\Actor_05\03-01-05-01-01-01-05.wav
angry,male,5,../data/raw\Actor_05\03-01-05-01-01-02-05.wav
angry,male,5,../data/raw\Actor_05\03-01-05-01-02-01-05.wav
angry,male,5,../data/raw\Actor_05\03-01-05-01-02-02-05.wav
angry,male,5,../data/raw\Actor_05\03-01-05-02-01-01-05.wav
angry,male,5,../data/raw\Actor_05\03-01-05-02-01-02-05.wav
angry,male,5,../data/raw\Actor_05\03-01-05-02-02-01-05.wav
angry,male,5,../data/raw\Actor_05\03-01-05-02-02-02-05.wav
fear,male,5,../data/raw\Actor_05\03-01-06-01-01-01-05.wav
fear,male,5,../data/raw\Actor_05\03-01-06-01-01-02-05.wav
fear,male,5,../data/raw\Actor_05\03-01-06-01-02-01-05.wav
fear,male,5,../data/raw\Actor_05\03-01-06-01-02-02-05.wav
fear,male,5,../data/raw\Actor_05\03-01-06-02-01-01-05.wav
fear,male,5,../data/raw\Actor_05\03-01-06-02-01-02-05.wav
fear,male,5,../data/raw\Actor_05\03-01-06-02-02-01-05.wav
fear,male,5,../data/raw\Actor_05\03-01-06-02-02-02-05.wav
disgust,male,5,../data/raw\Actor_05\03-01-07-01-01-01-05.wav
disgust,male,5,../data/raw\Actor_05\03-01-07-01-01-02-05.wav
disgust,male,5,../data/raw\Actor_05\03-01-07-01-02-01-05.wav
disgust,male,5,../data/raw\Actor_05\03-01-07-01-02-02-05.wav
disgust,male,5,../data/raw\Actor_05\03-01-07-02-01-01-05.wav
disgust,male,5,../data/raw\Actor_05\03-01-07-02-01-02-05.wav
disgust,male,5,../data/raw\Actor_05\03-01-07-02-02-01-05.wav
disgust,male,5,../data/raw\Actor_05\03-01-07-02-02-02-05.wav
surprise,male,5,../data/raw\Actor_05\03-01-08-01-01-01-05.wav
surprise,male,5,../data/raw\Actor_05\03-01-08-01-01-02-05.wav
surprise,male,5,../data/raw\Actor_05\03-01-08-01-02-01-05.wav
surprise,male,5,../data/raw\Actor_05\03-01-08-01-02-02-05.wav
surprise,male,5,../data/raw\Actor_05\03-01-08-02-01-01-05.wav
surprise,male,5,../data/raw\Actor_05\03-01-08-02-01-02-05.wav
surprise,male,5,../data/raw\Actor_05\03-01-08-02-02-01-05.wav
surprise,male,5,../data/raw\Actor_05\03-01-08-02-02-02-05.wav
neutral,female,6,../data/raw\Actor_06\03-01-01-01-01-01-06.wav
neutral,female,6,../data/raw\Actor_06\03-01-01-01-01-02-06.wav
neutral,female,6,../data/raw\Actor_06\03-01-01-01-02-01-06.wav
neutral,female,6,../data/raw\Actor_06\03-01-01-01-02-02-06.wav
calm,female,6,../data/raw\Actor_06\03-01-02-01-01-01-06.wav
calm,female,6,../data/raw\Actor_06\03-01-02-01-01-02-06.wav
calm,female,6,../data/raw\Actor_06\03-01-02-01-02-01-06.wav
calm,female,6,../data/raw\Actor_06\03-01-02-01-02-02-06.wav
calm,female,6,../data/raw\Actor_06\03-01-02-02-01-01-06.wav
calm,female,6,../data/raw\Actor_06\03-01-02-02-01-02-06.wav
calm,female,6,../data/raw\Actor_06\03-01-02-02-02-01-06.wav
calm,female,6,../data/raw\Actor_06\03-01-02-02-02-02-06.wav
happy,female,6,../data/raw\Actor_06\03-01-03-01-01-01-06.wav
happy,female,6,../data/raw\Actor_06\03-01-03-01-01-02-06.wav
happy,female,6,../data/raw\Actor_06\03-01-03-01-02-01-06.wav
happy,female,6,../data/raw\Actor_06\03-01-03-01-02-02-06.wav
happy,female,6,../data/raw\Actor_06\03-01-03-02-01-01-06.wav
happy,female,6,../data/raw\Actor_06\03-01-03-02-01-02-06.wav
happy,female,6,../data/raw\Actor_06\03-01-03-02-02-01-06.wav
happy,female,6,../data/raw\Actor_06\03-01-03-02-02-02-06.wav
sad,female,6,../data/raw\Actor_06\03-01-04-01-01-01-06.wav
sad,female,6,../data/raw\Actor_06\03-01-04-01-01-02-06.wav
sad,female,6,../data/raw\Actor_06\03-01-04-01-02-01-06.wav
sad,female,6,../data/raw\Actor_06\03-01-04-01-02-02-06.wav
sad,female,6,../data/raw\Actor_06\03-01-04-02-01-01-06.wav
sad,female,6,../data/raw\Actor_06\03-01-04-02-01-02-06.wav
sad,female,6,../data/raw\Actor_06\03-01-04-02-02-01-06.wav
sad,female,6,../data/raw\Actor_06\03-01-04-02-02-02-06.wav
angry,female,6,../data/raw\Actor_06\03-01-05-01-01-01-06.wav
angry,female,6,../data/raw\Actor_06\03-01-05-01-01-02-06.wav
angry,female,6,../data/raw\Actor_06\03-01-05-01-02-01-06.wav
angry,female,6,../data/raw\Actor_06\03-01-05-01-02-02-06.wav
angry,female,6,../data/raw\Actor_06\03-01-05-02-01-01-06.wav
angry,female,6,../data/raw\Actor_06\03-01-05-02-01-02-06.wav
angry,female,6,../data/raw\Actor_06\03-01-05-02-02-01-06.wav
angry,female,6,../data/raw\Actor_06\03-01-05-02-02-02-06.wav
fear,female,6,../data/raw\Actor_06\03-01-06-01-01-01-06.wav
fear,female,6,../data/raw\Actor_06\03-01-06-01-01-02-06.wav
fear,female,6,../data/raw\Actor_06\03-01-06-01-02-01-06.wav
fear,female,6,../data/raw\Actor_06\03-01-06-01-02-02-06.wav
fear,female,6,../data/raw\Actor_06\03-01-06-02-01-01-06.wav
fear,female,6,../data/raw\Actor_06\03-01-06-02-01-02-06.wav
fear,female,6,../data/raw\Actor_06\03-01-06-02-02-01-06.wav
fear,female,6,../data/raw\Actor_06\03-01-06-02-02-02-06.wav
disgust,female,6,../data/raw\Actor_06\03-01-07-01-01-01-06.wav
disgust,female,6,../data/raw\Actor_06\03-01-07-01-01-02-06.wav
disgust,female,6,../data/raw\Actor_06\03-01-07-01-02-01-06.wav
disgust,female,6,../data/raw\Actor_06\03-01-07-01-02-02-06.wav
disgust,female,6,../data/raw\Actor_06\03-01-07-02-01-01-06.wav
disgust,female,6,../data/raw\Actor_06\03-01-07-02-01-02-06.wav
disgust,female,6,../data/raw\Actor_06\03-01-07-02-02-01-06.wav
disgust,female,6,../data/raw\Actor_06\03-01-07-02-02-02-06.wav
surprise,female,6,../data/raw\Actor_06\03-01-08-01-01-01-06.wav
surprise,female,6,../data/raw\Actor_06\03-01-08-01-01-02-06.wav
surprise,female,6,../data/raw\Actor_06\03-01-08-01-02-01-06.wav
surprise,female,6,../data/raw\Actor_06\03-01-08-01-02-02-06.wav
surprise,female,6,../data/raw\Actor_06\03-01-08-02-01-01-06.wav
surprise,female,6,../data/raw\Actor_06\03-01-08-02-01-02-06.wav
surprise,female,6,../data/raw\Actor_06\03-01-08-02-02-01-06.wav
surprise,female,6,../data/raw\Actor_06\03-01-08-02-02-02-06.wav
neutral,male,7,../data/raw\Actor_07\03-01-01-01-01-01-07.wav
neutral,male,7,../data/raw\Actor_07\03-01-01-01-01-02-07.wav
neutral,male,7,../data/raw\Actor_07\03-01-01-01-02-01-07.wav
neutral,male,7,../data/raw\Actor_07\03-01-01-01-02-02-07.wav
calm,male,7,../data/raw\Actor_07\03-01-02-01-01-01-07.wav
calm,male,7,../data/raw\Actor_07\03-01-02-01-01-02-07.wav
calm,male,7,../data/raw\Actor_07\03-01-02-01-02-01-07.wav
calm,male,7,../data/raw\Actor_07\03-01-02-01-02-02-07.wav
calm,male,7,../data/raw\Actor_07\03-01-02-02-01-01-07.wav
calm,male,7,../data/raw\Actor_07\03-01-02-02-01-02-07.wav
calm,male,7,../data/raw\Actor_07\03-01-02-02-02-01-07.wav
calm,male,7,../data/raw\Actor_07\03-01-02-02-02-02-07.wav
happy,male,7,../data/raw\Actor_07\03-01-03-01-01-01-07.wav
happy,male,7,../data/raw\Actor_07\03-01-03-01-01-02-07.wav
happy,male,7,../data/raw\Actor_07\03-01-03-01-02-01-07.wav
happy,male,7,../data/raw\Actor_07\03-01-03-01-02-02-07.wav
happy,male,7,../data/raw\Actor_07\03-01-03-02-01-01-07.wav
happy,male,7,../data/raw\Actor_07\03-01-03-02-01-02-07.wav
happy,male,7,../data/raw\Actor_07\03-01-03-02-02-01-07.wav
happy,male,7,../data/raw\Actor_07\03-01-03-02-02-02-07.wav
sad,male,7,../data/raw\Actor_07\03-01-04-01-01-01-07.wav
sad,male,7,../data/raw\Actor_07\03-01-04-01-01-02-07.wav
sad,male,7,../data/raw\Actor_07\03-01-04-01-02-01-07.wav
sad,male,7,../data/raw\Actor_07\03-01-04-01-02-02-07.wav
sad,male,7,../data/raw\Actor_07\03-01-04-02-01-01-07.wav
sad,male,7,../data/raw\Actor_07\03-01-04-02-01-02-07.wav
sad,male,7,../data/raw\Actor_07\03-01-04-02-02-01-07.wav
sad,male,7,../data/raw\Actor_07\03-01-04-02-02-02-07.wav
angry,male,7,../data/raw\Actor_07\03-01-05-01-01-01-07.wav
angry,male,7,../data/raw\Actor_07\03-01-05-01-01-02-07.wav
angry,male,7,../data/raw\Actor_07\03-01-05-01-02-01-07.wav
angry,male,7,../data/raw\Actor_07\03-01-05-01-02-02-07.wav
angry,male,7,../data/raw\Actor_07\03-01-05-02-01-01-07.wav
angry,male,7,../data/raw\Actor_07\03-01-05-02-01-02-07.wav
angry,male,7,../data/raw\Actor_07\03-01-05-02-02-01-07.wav
angry,male,7,../data/raw\Actor_07\03-01-05-02-02-02-07.wav
fear,male,7,../data/raw\Actor_07\03-01-06-01-01-01-07.wav
fear,male,7,../data/raw\Actor_07\03-01-06-01-01-02-07.wav
fear,male,7,../data/raw\Actor_07\03-01-06-01-02-01-07.wav
fear,male,7,../data/raw\Actor_07\03-01-06-01-02-02-07.wav
fear,male,7,../data/raw\Actor_07\03-01-06-02-01-01-07.wav
fear,male,7,../data/raw\Actor_07\03-01-06-02-01-02-07.wav
fear,male,7,../data/raw\Actor_07\03-01-06-02-02-01-07.wav
fear,male,7,../data/raw\Actor_07\03-01-06-02-02-02-07.wav
disgust,male,7,../data/raw\Actor_07\03-01-07-01-01-01-07.wav
disgust,male,7,../data/raw\Actor_07\03-01-07-01-01-02-07.wav
disgust,male,7,../data/raw\Actor_07\03-01-07-01-02-01-07.wav
disgust,male,7,../data/raw\Actor_07\03-01-07-01-02-02-07.wav
disgust,male,7,../data/raw\Actor_07\03-01-07-02-01-01-07.wav
disgust,male,7,../data/raw\Actor_07\03-01-07-02-01-02-07.wav
disgust,male,7,../data/raw\Actor_07\03-01-07-02-02-01-07.wav
disgust,male,7,../data/raw\Actor_07\03-01-07-02-02-02-07.wav
surprise,male,7,../data/raw\Actor_07\03-01-08-01-01-01-07.wav
surprise,male,7,../data/raw\Actor_07\03-01-08-01-01-02-07.wav
surprise,male,7,../data/raw\Actor_07\03-01-08-01-02-01-07.wav
surprise,male,7,../data/raw\Actor_07\03-01-08-01-02-02-07.wav
surprise,male,7,../data/raw\Actor_07\03-01-08-02-01-01-07.wav
surprise,male,7,../data/raw\Actor_07\03-01-08-02-01-02-07.wav
surprise,male,7,../data/raw\Actor_07\03-01-08-02-02-01-07.wav
surprise,male,7,../data/raw\Actor_07\03-01-08-02-02-02-07.wav
neutral,female,8,../data/raw\Actor_08\03-01-01-01-01-01-08.wav
neutral,female,8,../data/raw\Actor_08\03-01-01-01-01-02-08.wav
neutral,female,8,../data/raw\Actor_08\03-01-01-01-02-01-08.wav
neutral,female,8,../data/raw\Actor_08\03-01-01-01-02-02-08.wav
calm,female,8,../data/raw\Actor_08\03-01-02-01-01-01-08.wav
calm,female,8,../data/raw\Actor_08\03-01-02-01-01-02-08.wav
calm,female,8,../data/raw\Actor_08\03-01-02-01-02-01-08.wav
calm,female,8,../data/raw\Actor_08\03-01-02-01-02-02-08.wav
calm,female,8,../data/raw\Actor_08\03-01-02-02-01-01-08.wav
calm,female,8,../data/raw\Actor_08\03-01-02-02-01-02-08.wav
calm,female,8,../data/raw\Actor_08\03-01-02-02-02-01-08.wav
calm,female,8,../data/raw\Actor_08\03-01-02-02-02-02-08.wav
happy,female,8,../data/raw\Actor_08\03-01-03-01-01-01-08.wav
happy,female,8,../data/raw\Actor_08\03-01-03-01-01-02-08.wav
happy,female,8,../data/raw\Actor_08\03-01-03-01-02-01-08.wav
happy,female,8,../data/raw\Actor_08\03-01-03-01-02-02-08.wav
happy,female,8,../data/raw\Actor_08\03-01-03-02-01-01-08.wav
happy,female,8,../data/raw\Actor_08\03-01-03-02-01-02-08.wav
happy,female,8,../data/raw\Actor_08\03-01-03-02-02-01-08.wav
happy,female,8,../data/raw\Actor_08\03-01-03-02-02-02-08.wav
sad,female,8,../data/raw\Actor_08\03-01-04-01-01-01-08.wav
sad,female,8,../data/raw\Actor_08\03-01-04-01-01-02-08.wav
sad,female,8,../data/raw\Actor_08\03-01-04-01-02-01-08.wav
sad,female,8,../data/raw\Actor_08\03-01-04-01-02-02-08.wav
sad,female,8,../data/raw\Actor_08\03-01-04-02-01-01-08.wav
sad,female,8,../data/raw\Actor_08\03-01-04-02-01-02-08.wav
sad,female,8,../data/raw\Actor_08\03-01-04-02-02-01-08.wav
sad,female,8,../data/raw\Actor_08\03-01-04-02-02-02-08.wav
angry,female,8,../data/raw\Actor_08\03-01-05-01-01-01-08.wav
angry,female,8,../data/raw\Actor_08\03-01-05-01-01-02-08.wav
angry,female,8,../data/raw\Actor_08\03-01-05-01-02-01-08.wav
angry,female,8,../data/raw\Actor_08\03-01-05-01-02-02-08.wav
angry,female,8,../data/raw\Actor_08\03-01-05-02-01-01-08.wav
angry,female,8,../data/raw\Actor_08\03-01-05-02-01-02-08.wav
angry,female,8,../data/raw\Actor_08\03-01-05-02-02-01-08.wav
angry,female,8,../data/raw\Actor_08\03-01-05-02-02-02-08.wav
fear,female,8,../data/raw\Actor_08\03-01-06-01-01-01-08.wav
fear,female,8,../data/raw\Actor_08\03-01-06-01-01-02-08.wav
fear,female,8,../data/raw\Actor_08\03-01-06-01-02-01-08.wav
fear,female,8,../data/raw\Actor_08\03-01-06-01-02-02-08.wav
fear,female,8,../data/raw\Actor_08\03-01-06-02-01-01-08.wav
fear,female,8,../data/raw\Actor_08\03-01-06-02-01-02-08.wav
fear,female,8,../data/raw\Actor_08\03-01-06-02-02-01-08.wav
fear,female,8,../data/raw\Actor_08\03-01-06-02-02-02-08.wav
disgust,female,8,../data/raw\Actor_08\03-01-07-01-01-01-08.wav
disgust,female,8,../data/raw\Actor_08\03-01-07-01-01-02-08.wav
disgust,female,8,../data/raw\Actor_08\03-01-07-01-02-01-08.wav
disgust,female,8,../data/raw\Actor_08\03-01-07-01-02-02-08.wav
disgust,female,8,../data/raw\Actor_08\03-01-07-02-01-01-08.wav
disgust,female,8,../data/raw\Actor_08\03-01-07-02-01-02-08.wav
disgust,female,8,../data/raw\Actor_08\03-01-07-02-02-01-08.wav
disgust,female,8,../data/raw\Actor_08\03-01-07-02-02-02-08.wav
surprise,female,8,../data/raw\Actor_08\03-01-08-01-01-01-08.wav
surprise,female,8,../data/raw\Actor_08\03-01-08-01-01-02-08.wav
surprise,female,8,../data/raw\Actor_08\03-01-08-01-02-01-08.wav
surprise,female,8,../data/raw\Actor_08\03-01-08-01-02-02-08.wav
surprise,female,8,../data/raw\Actor_08\03-01-08-02-01-01-08.wav
surprise,female,8,../data/raw\Actor_08\03-01-08-02-01-02-08.wav
surprise,female,8,../data/raw\Actor_08\03-01-08-02-02-01-08.wav
surprise,female,8,../data/raw\Actor_08\03-01-08-02-02-02-08.wav
neutral,male,9,../data/raw\Actor_09\03-01-01-01-01-01-09.wav
neutral,male,9,../data/raw\Actor_09\03-01-01-01-01-02-09.wav
neutral,male,9,../data/raw\Actor_09\03-01-01-01-02-01-09.wav
neutral,male,9,../data/raw\Actor_09\03-01-01-01-02-02-09.wav
calm,male,9,../data/raw\Actor_09\03-01-02-01-01-01-09.wav
calm,male,9,../data/raw\Actor_09\03-01-02-01-01-02-09.wav
calm,male,9,../data/raw\Actor_09\03-01-02-01-02-01-09.wav
calm,male,9,../data/raw\Actor_09\03-01-02-01-02-02-09.wav
calm,male,9,../data/raw\Actor_09\03-01-02-02-01-01-09.wav
calm,male,9,../data/raw\Actor_09\03-01-02-02-01-02-09.wav
calm,male,9,../data/raw\Actor_09\03-01-02-02-02-01-09.wav
calm,male,9,../data/raw\Actor_09\03-01-02-02-02-02-09.wav
happy,male,9,../data/raw\Actor_09\03-01-03-01-01-01-09.wav
happy,male,9,../data/raw\Actor_09\03-01-03-01-01-02-09.wav
happy,male,9,../data/raw\Actor_09\03-01-03-01-02-01-09.wav
happy,male,9,../data/raw\Actor_09\03-01-03-01-02-02-09.wav
happy,male,9,../data/raw\Actor_09\03-01-03-02-01-01-09.wav
happy,male,9,../data/raw\Actor_09\03-01-03-02-01-02-09.wav
happy,male,9,../data/raw\Actor_09\03-01-03-02-02-01-09.wav
happy,male,9,../data/raw\Actor_09\03-01-03-02-02-02-09.wav
sad,male,9,../data/raw\Actor_09\03-01-04-01-01-01-09.wav
sad,male,9,../data/raw\Actor_09\03-01-04-01-01-02-09.wav
sad,male,9,../data/raw\Actor_09\03-01-04-01-02-01-09.wav
sad,male,9,../data/raw\Actor_09\03-01-04-01-02-02-09.wav
sad,male,9,../data/raw\Actor_09\03-01-04-02-01-01-09.wav
sad,male,9,../data/raw\Actor_09\03-01-04-02-01-02-09.wav
sad,male,9,../data/raw\Actor_09\03-01-04-02-02-01-09.wav
sad,male,9,../data/raw\Actor_09\03-01-04-02-02-02-09.wav
angry,male,9,../data/raw\Actor_09\03-01-05-01-01-01-09.wav
angry,male,9,../data/raw\Actor_09\03-01-05-01-01-02-09.wav
angry,male,9,../data/raw\Actor_09\03-01-05-01-02-01-09.wav
angry,male,9,../data/raw\Actor_09\03-01-05-01-02-02-09.wav
angry,male,9,../data/raw\Actor_09\03-01-05-02-01-01-09.wav
angry,male,9,../data/raw\Actor_09\03-01-05-02-01-02-09.wav
angry,male,9,../data/raw\Actor_09\03-01-05-02-02-01-09.wav
angry,male,9,../data/raw\Actor_09\03-01-05-02-02-02-09.wav
fear,male,9,../data/raw\Actor_09\03-01-06-01-01-01-09.wav
fear,male,9,../data/raw\Actor_09\03-01-06-01-01-02-09.wav
fear,male,9,../data/raw\Actor_09\03-01-06-01-02-01-09.wav
fear,male,9,../data/raw\Actor_09\03-01-06-01-02-02-09.wav
fear,male,9,../data/raw\Actor_09\03-01-06-02-01-01-09.wav
fear,male,9,../data/raw\Actor_09\03-01-06-02-01-02-09.wav
fear,male,9,../data/raw\Actor_09\03-01-06-02-02-01-09.wav
fear,male,9,../data/raw\Actor_09\03-01-06-02-02-02-09.wav
disgust,male,9,../data/raw\Actor_09\03-01-07-01-01-01-09.wav
disgust,male,9,../data/raw\Actor_09\03-01-07-01-01-02-09.wav
disgust,male,9,../data/raw\Actor_09\03-01-07-01-02-01-09.wav
disgust,male,9,../data/raw\Actor_09\03-01-07-01-02-02-09.wav
disgust,male,9,../data/raw\Actor_09\03-01-07-02-01-01-09.wav
disgust,male,9,../data/raw\Actor_09\03-01-07-02-01-02-09.wav
disgust,male,9,../data/raw\Actor_09\03-01-07-02-02-01-09.wav
disgust,male,9,../data/raw\Actor_09\03-01-07-02-02-02-09.wav
surprise,male,9,../data/raw\Actor_09\03-01-08-01-01-01-09.wav
surprise,male,9,../data/raw\Actor_09\03-01-08-01-01-02-09.wav
surprise,male,9,../data/raw\Actor_09\03-01-08-01-02-01-09.wav
surprise,male,9,../data/raw\Actor_09\03-01-08-01-02-02-09.wav
surprise,male,9,../data/raw\Actor_09\03-01-08-02-01-01-09.wav
surprise,male,9,../data/raw\Actor_09\03-01-08-02-01-02-09.wav
surprise,male,9,../data/raw\Actor_09\03-01-08-02-02-01-09.wav
surprise,male,9,../data/raw\Actor_09\03-01-08-02-02-02-09.wav
neutral,female,10,../data/raw\Actor_10\03-01-01-01-01-01-10.wav
neutral,female,10,../data/raw\Actor_10\03-01-01-01-01-02-10.wav
neutral,female,10,../data/raw\Actor_10\03-01-01-01-02-01-10.wav
neutral,female,10,../data/raw\Actor_10\03-01-01-01-02-02-10.wav
calm,female,10,../data/raw\Actor_10\03-01-02-01-01-01-10.wav
calm,female,10,../data/raw\Actor_10\03-01-02-01-01-02-10.wav
calm,female,10,../data/raw\Actor_10\03-01-02-01-02-01-10.wav
calm,female,10,../data/raw\Actor_10\03-01-02-01-02-02-10.wav
calm,female,10,../data/raw\Actor_10\03-01-02-02-01-01-10.wav
calm,female,10,../data/raw\Actor_10\03-01-02-02-01-02-10.wav
calm,female,10,../data/raw\Actor_10\03-01-02-02-02-01-10.wav
calm,female,10,../data/raw\Actor_10\03-01-02-02-02-02-10.wav
happy,female,10,../data/raw\Actor_10\03-01-03-01-01-01-10.wav
happy,female,10,../data/raw\Actor_10\03-01-03-01-01-02-10.wav
happy,female,10,../data/raw\Actor_10\03-01-03-01-02-01-10.wav
happy,female,10,../data/raw\Actor_10\03-01-03-01-02-02-10.wav
happy,female,10,../data/raw\Actor_10\03-01-03-02-01-01-10.wav
happy,female,10,../data/raw\Actor_10\03-01-03-02-01-02-10.wav
happy,female,10,../data/raw\Actor_10\03-01-03-02-02-01-10.wav
happy,female,10,../data/raw\Actor_10\03-01-03-02-02-02-10.wav
sad,female,10,../data/raw\Actor_10\03-01-04-01-01-01-10.wav
sad,female,10,../data/raw\Actor_10\03-01-04-01-01-02-10.wav
sad,female,10,../data/raw\Actor_10\03-01-04-01-02-01-10.wav
sad,female,10,../data/raw\Actor_10\03-01-04-01-02-02-10.wav
sad,female,10,../data/raw\Actor_10\03-01-04-02-01-01-10.wav
sad,female,10,../data/raw\Actor_10\03-01-04-02-01-02-10.wav
sad,female,10,../data/raw\Actor_10\03-01-04-02-02-01-10.wav
sad,female,10,../data/raw\Actor_10\03-01-04-02-02-02-10.wav
angry,female,10,../data/raw\Actor_10\03-01-05-01-01-01-10.wav
angry,female,10,../data/raw\Actor_10\03-01-05-01-01-02-10.wav
angry,female,10,../data/raw\Actor_10\03-01-05-01-02-01-10.wav
angry,female,10,../data/raw\Actor_10\03-01-05-01-02-02-10.wav
angry,female,10,../data/raw\Actor_10\03-01-05-02-01-01-10.wav
angry,female,10,../data/raw\Actor_10\03-01-05-02-01-02-10.wav
angry,female,10,../data/raw\Actor_10\03-01-05-02-02-01-10.wav
angry,female,10,../data/raw\Actor_10\03-01-05-02-02-02-10.wav
fear,female,10,../data/raw\Actor_10\03-01-06-01-01-01-10.wav
fear,female,10,../data/raw\Actor_10\03-01-06-01-01-02-10.wav
fear,female,10,../data/raw\Actor_10\03-01-06-01-02-01-10.wav
fear,female,10,../data/raw\Actor_10\03-01-06-01-02-02-10.wav
fear,female,10,../data/raw\Actor_10\03-01-06-02-01-01-10.wav
fear,female,10,../data/raw\Actor_10\03-01-06-02-01-02-10.wav
fear,female,10,../data/raw\Actor_10\03-01-06-02-02-01-10.wav
fear,female,10,../data/raw\Actor_10\03-01-06-02-02-02-10.wav
disgust,female,10,../data/raw\Actor_10\03-01-07-01-01-01-10.wav
disgust,female,10,../data/raw\Actor_10\03-01-07-01-01-02-10.wav
disgust,female,10,../data/raw\Actor_10\03-01-07-01-02-01-10.wav
disgust,female,10,../data/raw\Actor_10\03-01-07-01-02-02-10.wav
disgust,female,10,../data/raw\Actor_10\03-01-07-02-01-01-10.wav
disgust,female,10,../data/raw\Actor_10\03-01-07-02-01-02-10.wav
disgust,female,10,../data/raw\Actor_10\03-01-07-02-02-01-10.wav
disgust,female,10,../data/raw\Actor_10\03-01-07-02-02-02-10.wav
surprise,female,10,../data/raw\Actor_10\03-01-08-01-01-01-10.wav
surprise,female,10,../data/raw\Actor_10\03-01-08-01-01-02-10.wav
surprise,female,10,../data/raw\Actor_10\03-01-08-01-02-01-10.wav
surprise,female,10,../data/raw\Actor_10\03-01-08-01-02-02-10.wav
surprise,female,10,../data/raw\Actor_10\03-01-08-02-01-01-10.wav
surprise,female,10,../data/raw\Actor_10\03-01-08-02-01-02-10.wav
surprise,female,10,../data/raw\Actor_10\03-01-08-02-02-01-10.wav
surprise,female,10,../data/raw\Actor_10\03-01-08-02-02-02-10.wav
neutral,male,11,../data/raw\Actor_11\03-01-01-01-01-01-11.wav
neutral,male,11,../data/raw\Actor_11\03-01-01-01-01-02-11.wav
neutral,male,11,../data/raw\Actor_11\03-01-01-01-02-01-11.wav
neutral,male,11,../data/raw\Actor_11\03-01-01-01-02-02-11.wav
calm,male,11,../data/raw\Actor_11\03-01-02-01-01-01-11.wav
calm,male,11,../data/raw\Actor_11\03-01-02-01-01-02-11.wav
calm,male,11,../data/raw\Actor_11\03-01-02-01-02-01-11.wav
calm,male,11,../data/raw\Actor_11\03-01-02-01-02-02-11.wav
calm,male,11,../data/raw\Actor_11\03-01-02-02-01-01-11.wav
calm,male,11,../data/raw\Actor_11\03-01-02-02-01-02-11.wav
calm,male,11,../data/raw\Actor_11\03-01-02-02-02-01-11.wav
calm,male,11,../data/raw\Actor_11\03-01-02-02-02-02-11.wav
happy,male,11,../data/raw\Actor_11\03-01-03-01-01-01-11.wav
happy,male,11,../data/raw\Actor_11\03-01-03-01-01-02-11.wav
happy,male,11,../data/raw\Actor_11\03-01-03-01-02-01-11.wav
happy,male,11,../data/raw\Actor_11\03-01-03-01-02-02-11.wav
happy,male,11,../data/raw\Actor_11\03-01-03-02-01-01-11.wav
happy,male,11,../data/raw\Actor_11\03-01-03-02-01-02-11.wav
happy,male,11,../data/raw\Actor_11\03-01-03-02-02-01-11.wav
happy,male,11,../data/raw\Actor_11\03-01-03-02-02-02-11.wav
sad,male,11,../data/raw\Actor_11\03-01-04-01-01-01-11.wav
sad,male,11,../data/raw\Actor_11\03-01-04-01-01-02-11.wav
sad,male,11,../data/raw\Actor_11\03-01-04-01-02-01-11.wav
sad,male,11,../data/raw\Actor_11\03-01-04-01-02-02-11.wav
sad,male,11,../data/raw\Actor_11\03-01-04-02-01-01-11.wav
sad,male,11,../data/raw\Actor_11\03-01-04-02-01-02-11.wav
sad,male,11,../data/raw\Actor_11\03-01-04-02-02-01-11.wav
sad,male,11,../data/raw\Actor_11\03-01-04-02-02-02-11.wav
angry,male,11,../data/raw\Actor_11\03-01-05-01-01-01-11.wav
angry,male,11,../data/raw\Actor_11\03-01-05-01-01-02-11.wav
angry,male,11,../data/raw\Actor_11\03-01-05-01-02-01-11.wav
angry,male,11,../data/raw\Actor_11\03-01-05-01-02-02-11.wav
angry,male,11,../data/raw\Actor_11\03-01-05-02-01-01-11.wav
angry,male,11,../data/raw\Actor_11\03-01-05-02-01-02-11.wav
angry,male,11,../data/raw\Actor_11\03-01-05-02-02-01-11.wav
angry,male,11,../data/raw\Actor_11\03-01-05-02-02-02-11.wav
fear,male,11,../data/raw\Actor_11\03-01-06-01-01-01-11.wav
fear,male,11,../data/raw\Actor_11\03-01-06-01-01-02-11.wav
fear,male,11,../data/raw\Actor_11\03-01-06-01-02-01-11.wav
fear,male,11,../data/raw\Actor_11\03-01-06-01-02-02-11.wav
fear,male,11,../data/raw\Actor_11\03-01-06-02-01-01-11.wav
fear,male,11,../data/raw\Actor_11\03-01-06-02-01-02-11.wav
fear,male,11,../data/raw\Actor_11\03-01-06-02-02-01-11.wav
fear,male,11,../data/raw\Actor_11\03-01-06-02-02-02-11.wav
disgust,male,11,../data/raw\Actor_11\03-01-07-01-01-01-11.wav
disgust,male,11,../data/raw\Actor_11\03-01-07-01-01-02-11.wav
disgust,male,11,../data/raw\Actor_11\03-01-07-01-02-01-11.wav
disgust,male,11,../data/raw\Actor_11\03-01-07-01-02-02-11.wav
disgust,male,11,../data/raw\Actor_11\03-01-07-02-01-01-11.wav
disgust,male,11,../data/raw\Actor_11\03-01-07-02-01-02-11.wav
disgust,male,11,../data/raw\Actor_11\03-01-07-02-02-01-11.wav
disgust,male,11,../data/raw\Actor_11\03-01-07-02-02-02-11.wav
surprise,male,11,../data/raw\Actor_11\03-01-08-01-01-01-11.wav
surprise,male,11,../data/raw\Actor_11\03-01-08-01-01-02-11.wav
surprise,male,11,../data/raw\Actor_11\03-01-08-01-02-01-11.wav
surprise,male,11,../data/raw\Actor_11\03-01-08-01-02-02-11.wav
surprise,male,11,../data/raw\Actor_11\03-01-08-02-01-01-11.wav
surprise,male,11,../data/raw\Actor_11\03-01-08-02-01-02-11.wav
surprise,male,11,../data/raw\Actor_11\03-01-08-02-02-01-11.wav
surprise,male,11,../data/raw\Actor_11\03-01-08-02-02-02-11.wav
neutral,female,12,../data/raw\Actor_12\03-01-01-01-01-01-12.wav
neutral,female,12,../data/raw\Actor_12\03-01-01-01-01-02-12.wav
neutral,female,12,../data/raw\Actor_12\03-01-01-01-02-01-12.wav
neutral,female,12,../data/raw\Actor_12\03-01-01-01-02-02-12.wav
calm,female,12,../data/raw\Actor_12\03-01-02-01-01-01-12.wav
calm,female,12,../data/raw\Actor_12\03-01-02-01-01-02-12.wav
calm,female,12,../data/raw\Actor_12\03-01-02-01-02-01-12.wav
calm,female,12,../data/raw\Actor_12\03-01-02-01-02-02-12.wav
calm,female,12,../data/raw\Actor_12\03-01-02-02-01-01-12.wav
calm,female,12,../data/raw\Actor_12\03-01-02-02-01-02-12.wav
calm,female,12,../data/raw\Actor_12\03-01-02-02-02-01-12.wav
calm,female,12,../data/raw\Actor_12\03-01-02-02-02-02-12.wav
happy,female,12,../data/raw\Actor_12\03-01-03-01-01-01-12.wav
happy,female,12,../data/raw\Actor_12\03-01-03-01-01-02-12.wav
happy,female,12,../data/raw\Actor_12\03-01-03-01-02-01-12.wav
happy,female,12,../data/raw\Actor_12\03-01-03-01-02-02-12.wav
happy,female,12,../data/raw\Actor_12\03-01-03-02-01-01-12.wav
happy,female,12,../data/raw\Actor_12\03-01-03-02-01-02-12.wav
happy,female,12,../data/raw\Actor_12\03-01-03-02-02-01-12.wav
happy,female,12,../data/raw\Actor_12\03-01-03-02-02-02-12.wav
sad,female,12,../data/raw\Actor_12\03-01-04-01-01-01-12.wav
sad,female,12,../data/raw\Actor_12\03-01-04-01-01-02-12.wav
sad,female,12,../data/raw\Actor_12\03-01-04-01-02-01-12.wav
sad,female,12,../data/raw\Actor_12\03-01-04-01-02-02-12.wav
sad,female,12,../data/raw\Actor_12\03-01-04-02-01-01-12.wav
sad,female,12,../data/raw\Actor_12\03-01-04-02-01-02-12.wav
sad,female,12,../data/raw\Actor_12\03-01-04-02-02-01-12.wav
sad,female,12,../data/raw\Actor_12\03-01-04-02-02-02-12.wav
angry,female,12,../data/raw\Actor_12\03-01-05-01-01-01-12.wav
angry,female,12,../data/raw\Actor_12\03-01-05-01-01-02-12.wav
angry,female,12,../data/raw\Actor_12\03-01-05-01-02-01-12.wav
angry,female,12,../data/raw\Actor_12\03-01-05-01-02-02-12.wav
angry,female,12,../data/raw\Actor_12\03-01-05-02-01-01-12.wav
angry,female,12,../data/raw\Actor_12\03-01-05-02-01-02-12.wav
angry,female,12,../data/raw\Actor_12\03-01-05-02-02-01-12.wav
angry,female,12,../data/raw\Actor_12\03-01-05-02-02-02-12.wav
fear,female,12,../data/raw\Actor_12\03-01-06-01-01-01-12.wav
fear,female,12,../data/raw\Actor_12\03-01-06-01-01-02-12.wav
fear,female,12,../data/raw\Actor_12\03-01-06-01-02-01-12.wav
fear,female,12,../data/raw\Actor_12\03-01-06-01-02-02-12.wav
fear,female,12,../data/raw\Actor_12\03-01-06-02-01-01-12.wav
fear,female,12,../data/raw\Actor_12\03-01-06-02-01-02-12.wav
fear,female,12,../data/raw\Actor_12\03-01-06-02-02-01-12.wav
fear,female,12,../data/raw\Actor_12\03-01-06-02-02-02-12.wav
disgust,female,12,../data/raw\Actor_12\03-01-07-01-01-01-12.wav
disgust,female,12,../data/raw\Actor_12\03-01-07-01-01-02-12.wav
disgust,female,12,../data/raw\Actor_12\03-01-07-01-02-01-12.wav
disgust,female,12,../data/raw\Actor_12\03-01-07-01-02-02-12.wav
disgust,female,12,../data/raw\Actor_12\03-01-07-02-01-01-12.wav
disgust,female,12,../data/raw\Actor_12\03-01-07-02-01-02-12.wav
disgust,female,12,../data/raw\Actor_12\03-01-07-02-02-01-12.wav
disgust,female,12,../data/raw\Actor_12\03-01-07-02-02-02-12.wav
surprise,female,12,../data/raw\Actor_12\03-01-08-01-01-01-12.wav
surprise,female,12,../data/raw\Actor_12\03-01-08-01-01-02-12.wav
surprise,female,12,../data/raw\Actor_12\03-01-08-01-02-01-12.wav
surprise,female,12,../data/raw\Actor_12\03-01-08-01-02-02-12.wav
surprise,female,12,../data/raw\Actor_12\03-01-08-02-01-01-12.wav
surprise,female,12,../data/raw\Actor_12\03-01-08-02-01-02-12.wav
surprise,female,12,../data/raw\Actor_12\03-01-08-02-02-01-12.wav
surprise,female,12,../data/raw\Actor_12\03-01-08-02-02-02-12.wav
neutral,male,13,../data/raw\Actor_13\03-01-01-01-01-01-13.wav
neutral,male,13,../data/raw\Actor_13\03-01-01-01-01-02-13.wav
neutral,male,13,../data/raw\Actor_13\03-01-01-01-02-01-13.wav
neutral,male,13,../data/raw\Actor_13\03-01-01-01-02-02-13.wav
calm,male,13,../data/raw\Actor_13\03-01-02-01-01-01-13.wav
calm,male,13,../data/raw\Actor_13\03-01-02-01-01-02-13.wav
calm,male,13,../data/raw\Actor_13\03-01-02-01-02-01-13.wav
calm,male,13,../data/raw\Actor_13\03-01-02-01-02-02-13.wav
calm,male,13,../data/raw\Actor_13\03-01-02-02-01-01-13.wav
calm,male,13,../data/raw\Actor_13\03-01-02-02-01-02-13.wav
calm,male,13,../data/raw\Actor_13\03-01-02-02-02-01-13.wav
calm,male,13,../data/raw\Actor_13\03-01-02-02-02-02-13.wav
happy,male,13,../data/raw\Actor_13\03-01-03-01-01-01-13.wav
happy,male,13,../data/raw\Actor_13\03-01-03-01-01-02-13.wav
happy,male,13,../data/raw\Actor_13\03-01-03-01-02-01-13.wav
happy,male,13,../data/raw\Actor_13\03-01-03-01-02-02-13.wav
happy,male,13,../data/raw\Actor_13\03-01-03-02-01-01-13.wav
happy,male,13,../data/raw\Actor_13\03-01-03-02-01-02-13.wav
happy,male,13,../data/raw\Actor_13\03-01-03-02-02-01-13.wav
happy,male,13,../data/raw\Actor_13\03-01-03-02-02-02-13.wav
sad,male,13,../data/raw\Actor_13\03-01-04-01-01-01-13.wav
sad,male,13,../data/raw\Actor_13\03-01-04-01-01-02-13.wav
sad,male,13,../data/raw\Actor_13\03-01-04-01-02-01-13.wav
sad,male,13,../data/raw\Actor_13\03-01-04-01-02-02-13.wav
sad,male,13,../data/raw\Actor_13\03-01-04-02-01-01-13.wav
sad,male,13,../data/raw\Actor_13\03-01-04-02-01-02-13.wav
sad,male,13,../data/raw\Actor_13\03-01-04-02-02-01-13.wav
sad,male,13,../data/raw\Actor_13\03-01-04-02-02-02-13.wav
angry,male,13,../data/raw\Actor_13\03-01-05-01-01-01-13.wav
angry,male,13,../data/raw\Actor_13\03-01-05-01-01-02-13.wav
angry,male,13,../data/raw\Actor_13\03-01-05-01-02-01-13.wav
angry,male,13,../data/raw\Actor_13\03-01-05-01-02-02-13.wav
angry,male,13,../data/raw\Actor_13\03-01-05-02-01-01-13.wav
angry,male,13,../data/raw\Actor_13\03-01-05-02-01-02-13.wav
angry,male,13,../data/raw\Actor_13\03-01-05-02-02-01-13.wav
angry,male,13,../data/raw\Actor_13\03-01-05-02-02-02-13.wav
fear,male,13,../data/raw\Actor_13\03-01-06-01-01-01-13.wav
fear,male,13,../data/raw\Actor_13\03-01-06-01-01-02-13.wav
fear,male,13,../data/raw\Actor_13\03-01-06-01-02-01-13.wav
fear,male,13,../data/raw\Actor_13\03-01-06-01-02-02-13.wav
fear,male,13,../data/raw\Actor_13\03-01-06-02-01-01-13.wav
fear,male,13,../data/raw\Actor_13\03-01-06-02-01-02-13.wav
fear,male,13,../data/raw\Actor_13\03-01-06-02-02-01-13.wav
fear,male,13,../data/raw\Actor_13\03-01-06-02-02-02-13.wav
disgust,male,13,../data/raw\Actor_13\03-01-07-01-01-01-13.wav
disgust,male,13,../data/raw\Actor_13\03-01-07-01-01-02-13.wav
disgust,male,13,../data/raw\Actor_13\03-01-07-01-02-01-13.wav
disgust,male,13,../data/raw\Actor_13\03-01-07-01-02-02-13.wav
disgust,male,13,../data/raw\Actor_13\03-01-07-02-01-01-13.wav
disgust,male,13,../data/raw\Actor_13\03-01-07-02-01-02-13.wav
disgust,male,13,../data/raw\Actor_13\03-01-07-02-02-01-13.wav
disgust,male,13,../data/raw\Actor_13\03-01-07-02-02-02-13.wav
surprise,male,13,../data/raw\Actor_13\03-01-08-01-01-01-13.wav
surprise,male,13,../data/raw\Actor_13\03-01-08-01-01-02-13.wav
surprise,male,13,../data/raw\Actor_13\03-01-08-01-02-01-13.wav
surprise,male,13,../data/raw\Actor_13\03-01-08-01-02-02-13.wav
surprise,male,13,../data/raw\Actor_13\03-01-08-02-01-01-13.wav
surprise,male,13,../data/raw\Actor_13\03-01-08-02-01-02-13.wav
surprise,male,13,../data/raw\Actor_13\03-01-08-02-02-01-13.wav
surprise,male,13,../data/raw\Actor_13\03-01-08-02-02-02-13.wav
neutral,female,14,../data/raw\Actor_14\03-01-01-01-01-01-14.wav
neutral,female,14,../data/raw\Actor_14\03-01-01-01-01-02-14.wav
neutral,female,14,../data/raw\Actor_14\03-01-01-01-02-01-14.wav
neutral,female,14,../data/raw\Actor_14\03-01-01-01-02-02-14.wav
calm,female,14,../data/raw\Actor_14\03-01-02-01-01-01-14.wav
calm,female,14,../data/raw\Actor_14\03-01-02-01-01-02-14.wav
calm,female,14,../data/raw\Actor_14\03-01-02-01-02-01-14.wav
calm,female,14,../data/raw\Actor_14\03-01-02-01-02-02-14.wav
calm,female,14,../data/raw\Actor_14\03-01-02-02-01-01-14.wav
calm,female,14,../data/raw\Actor_14\03-01-02-02-01-02-14.wav
calm,female,14,../data/raw\Actor_14\03-01-02-02-02-01-14.wav
calm,female,14,../data/raw\Actor_14\03-01-02-02-02-02-14.wav
happy,female,14,../data/raw\Actor_14\03-01-03-01-01-01-14.wav
happy,female,14,../data/raw\Actor_14\03-01-03-01-01-02-14.wav
happy,female,14,../data/raw\Actor_14\03-01-03-01-02-01-14.wav
happy,female,14,../data/raw\Actor_14\03-01-03-01-02-02-14.wav
happy,female,14,../data/raw\Actor_14\03-01-03-02-01-01-14.wav
happy,female,14,../data/raw\Actor_14\03-01-03-02-01-02-14.wav
happy,female,14,../data/raw\Actor_14\03-01-03-02-02-01-14.wav
happy,female,14,../data/raw\Actor_14\03-01-03-02-02-02-14.wav
sad,female,14,../data/raw\Actor_14\03-01-04-01-01-01-14.wav
sad,female,14,../data/raw\Actor_14\03-01-04-01-01-02-14.wav
sad,female,14,../data/raw\Actor_14\03-01-04-01-02-01-14.wav
sad,female,14,../data/raw\Actor_14\03-01-04-01-02-02-14.wav
sad,female,14,../data/raw\Actor_14\03-01-04-02-01-01-14.wav
sad,female,14,../data/raw\Actor_14\03-01-04-02-01-02-14.wav
sad,female,14,../data/raw\Actor_14\03-01-04-02-02-01-14.wav
sad,female,14,../data/raw\Actor_14\03-01-04-02-02-02-14.wav
angry,female,14,../data/raw\Actor_14\03-01-05-01-01-01-14.wav
angry,female,14,../data/raw\Actor_14\03-01-05-01-01-02-14.wav
angry,female,14,../data/raw\Actor_14\03-01-05-01-02-01-14.wav
angry,female,14,../data/raw\Actor_14\03-01-05-01-02-02-14.wav
angry,female,14,../data/raw\Actor_14\03-01-05-02-01-01-14.wav
angry,female,14,../data/raw\Actor_14\03-01-05-02-01-02-14.wav
angry,female,14,../data/raw\Actor_14\03-01-05-02-02-01-14.wav
angry,female,14,../data/raw\Actor_14\03-01-05-02-02-02-14.wav
fear,female,14,../data/raw\Actor_14\03-01-06-01-01-01-14.wav
fear,female,14,../data/raw\Actor_14\03-01-06-01-01-02-14.wav
fear,female,14,../data/raw\Actor_14\03-01-06-01-02-01-14.wav
fear,female,14,../data/raw\Actor_14\03-01-06-01-02-02-14.wav
fear,female,14,../data/raw\Actor_14\03-01-06-02-01-01-14.wav
fear,female,14,../data/raw\Actor_14\03-01-06-02-01-02-14.wav
fear,female,14,../data/raw\Actor_14\03-01-06-02-02-01-14.wav
fear,female,14,../data/raw\Actor_14\03-01-06-02-02-02-14.wav
disgust,female,14,../data/raw\Actor_14\03-01-07-01-01-01-14.wav
disgust,female,14,../data/raw\Actor_14\03-01-07-01-01-02-14.wav
disgust,female,14,../data/raw\Actor_14\03-01-07-01-02-01-14.wav
disgust,female,14,../data/raw\Actor_14\03-01-07-01-02-02-14.wav
disgust,female,14,../data/raw\Actor_14\03-01-07-02-01-01-14.wav
disgust,female,14,../data/raw\Actor_14\03-01-07-02-01-02-14.wav
disgust,female,14,../data/raw\Actor_14\03-01-07-02-02-01-14.wav
disgust,female,14,../data/raw\Actor_14\03-01-07-02-02-02-14.wav
surprise,female,14,../data/raw\Actor_14\03-01-08-01-01-01-14.wav
surprise,female,14,../data/raw\Actor_14\03-01-08-01-01-02-14.wav
surprise,female,14,../data/raw\Actor_14\03-01-08-01-02-01-14.wav
surprise,female,14,../data/raw\Actor_14\03-01-08-01-02-02-14.wav
surprise,female,14,../data/raw\Actor_14\03-01-08-02-01-01-14.wav
surprise,female,14,../data/raw\Actor_14\03-01-08-02-01-02-14.wav
surprise,female,14,../data/raw\Actor_14\03-01-08-02-02-01-14.wav
surprise,female,14,../data/raw\Actor_14\03-01-08-02-02-02-14.wav
neutral,male,15,../data/raw\Actor_15\03-01-01-01-01-01-15.wav
neutral,male,15,../data/raw\Actor_15\03-01-01-01-01-02-15.wav
neutral,male,15,../data/raw\Actor_15\03-01-01-01-02-01-15.wav
neutral,male,15,../data/raw\Actor_15\03-01-01-01-02-02-15.wav
calm,male,15,../data/raw\Actor_15\03-01-02-01-01-01-15.wav
calm,male,15,../data/raw\Actor_15\03-01-02-01-01-02-15.wav
calm,male,15,../data/raw\Actor_15\03-01-02-01-02-01-15.wav
calm,male,15,../data/raw\Actor_15\03-01-02-01-02-02-15.wav
calm,male,15,../data/raw\Actor_15\03-01-02-02-01-01-15.wav
calm,male,15,../data/raw\Actor_15\03-01-02-02-01-02-15.wav
calm,male,15,../data/raw\Actor_15\03-01-02-02-02-01-15.wav
calm,male,15,../data/raw\Actor_15\03-01-02-02-02-02-15.wav
happy,male,15,../data/raw\Actor_15\03-01-03-01-01-01-15.wav
happy,male,15,../data/raw\Actor_15\03-01-03-01-01-02-15.wav
happy,male,15,../data/raw\Actor_15\03-01-03-01-02-01-15.wav
happy,male,15,../data/raw\Actor_15\03-01-03-01-02-02-15.wav
happy,male,15,../data/raw\Actor_15\03-01-03-02-01-01-15.wav
happy,male,15,../data/raw\Actor_15\03-01-03-02-01-02-15.wav
happy,male,15,../data/raw\Actor_15\03-01-03-02-02-01-15.wav
happy,male,15,../data/raw\Actor_15\03-01-03-02-02-02-15.wav
sad,male,15,../data/raw\Actor_15\03-01-04-01-01-01-15.wav
sad,male,15,../data/raw\Actor_15\03-01-04-01-01-02-15.wav
sad,male,15,../data/raw\Actor_15\03-01-04-01-02-01-15.wav
sad,male,15,../data/raw\Actor_15\03-01-04-01-02-02-15.wav
sad,male,15,../data/raw\Actor_15\03-01-04-02-01-01-15.wav
sad,male,15,../data/raw\Actor_15\03-01-04-02-01-02-15.wav
sad,male,15,../data/raw\Actor_15\03-01-04-02-02-01-15.wav
sad,male,15,../data/raw\Actor_15\03-01-04-02-02-02-15.wav
angry,male,15,../data/raw\Actor_15\03-01-05-01-01-01-15.wav
angry,male,15,../data/raw\Actor_15\03-01-05-01-01-02-15.wav
angry,male,15,../data/raw\Actor_15\03-01-05-01-02-01-15.wav
angry,male,15,../data/raw\Actor_15\03-01-05-01-02-02-15.wav
angry,male,15,../data/raw\Actor_15\03-01-05-02-01-01-15.wav
angry,male,15,../data/raw\Actor_15\03-01-05-02-01-02-15.wav
angry,male,15,../data/raw\Actor_15\03-01-05-02-02-01-15.wav
angry,male,15,../data/raw\Actor_15\03-01-05-02-02-02-15.wav
fear,male,15,../data/raw\Actor_15\03-01-06-01-01-01-15.wav
fear,male,15,../data/raw\Actor_15\03-01-06-01-01-02-15.wav
fear,male,15,../data/raw\Actor_15\03-01-06-01-02-01-15.wav
fear,male,15,../data/raw\Actor_15\03-01-06-01-02-02-15.wav
fear,male,15,../data/raw\Actor_15\03-01-06-02-01-01-15.wav
fear,male,15,../data/raw\Actor_15\03-01-06-02-01-02-15.wav
fear,male,15,../data/raw\Actor_15\03-01-06-02-02-01-15.wav
fear,male,15,../data/raw\Actor_15\03-01-06-02-02-02-15.wav
disgust,male,15,../data/raw\Actor_15\03-01-07-01-01-01-15.wav
disgust,male,15,../data/raw\Actor_15\03-01-07-01-01-02-15.wav
disgust,male,15,../data/raw\Actor_15\03-01-07-01-02-01-15.wav
disgust,male,15,../data/raw\Actor_15\03-01-07-01-02-02-15.wav
disgust,male,15,../data/raw\Actor_15\03-01-07-02-01-01-15.wav
disgust,male,15,../data/raw\Actor_15\03-01-07-02-01-02-15.wav
disgust,male,15,../data/raw\Actor_15\03-01-07-02-02-01-15.wav
disgust,male,15,../data/raw\Actor_15\03-01-07-02-02-02-15.wav
surprise,male,15,../data/raw\Actor_15\03-01-08-01-01-01-15.wav
surprise,male,15,../data/raw\Actor_15\03-01-08-01-01-02-15.wav
surprise,male,15,../data/raw\Actor_15\03-01-08-01-02-01-15.wav
surprise,male,15,../data/raw\Actor_15\03-01-08-01-02-02-15.wav
surprise,male,15,../data/raw\Actor_15\03-01-08-02-01-01-15.wav
surprise,male,15,../data/raw\Actor_15\03-01-08-02-01-02-15.wav
surprise,male,15,../data/raw\Actor_15\03-01-08-02-02-01-15.wav
surprise,male,15,../data/raw\Actor_15\03-01-08-02-02-02-15.wav
neutral,female,16,../data/raw\Actor_16\03-01-01-01-01-01-16.wav
neutral,female,16,../data/raw\Actor_16\03-01-01-01-01-02-16.wav
neutral,female,16,../data/raw\Actor_16\03-01-01-01-02-01-16.wav
neutral,female,16,../data/raw\Actor_16\03-01-01-01-02-02-16.wav
calm,female,16,../data/raw\Actor_16\03-01-02-01-01-01-16.wav
calm,female,16,../data/raw\Actor_16\03-01-02-01-01-02-16.wav
calm,female,16,../data/raw\Actor_16\03-01-02-01-02-01-16.wav
calm,female,16,../data/raw\Actor_16\03-01-02-01-02-02-16.wav
calm,female,16,../data/raw\Actor_16\03-01-02-02-01-01-16.wav
calm,female,16,../data/raw\Actor_16\03-01-02-02-01-02-16.wav
calm,female,16,../data/raw\Actor_16\03-01-02-02-02-01-16.wav
calm,female,16,../data/raw\Actor_16\03-01-02-02-02-02-16.wav
happy,female,16,../data/raw\Actor_16\03-01-03-01-01-01-16.wav
happy,female,16,../data/raw\Actor_16\03-01-03-01-01-02-16.wav
happy,female,16,../data/raw\Actor_16\03-01-03-01-02-01-16.wav
happy,female,16,../data/raw\Actor_16\03-01-03-01-02-02-16.wav
happy,female,16,../data/raw\Actor_16\03-01-03-02-01-01-16.wav
happy,female,16,../data/raw\Actor_16\03-01-03-02-01-02-16.wav
happy,female,16,../data/raw\Actor_16\03-01-03-02-02-01-16.wav
happy,female,16,../data/raw\Actor_16\03-01-03-02-02-02-16.wav
sad,female,16,../data/raw\Actor_16\03-01-04-01-01-01-16.wav
sad,female,16,../data/raw\Actor_16\03-01-04-01-01-02-16.wav
sad,female,16,../data/raw\Actor_16\03-01-04-01-02-01-16.wav
sad,female,16,../data/raw\Actor_16\03-01-04-01-02-02-16.wav
sad,female,16,../data/raw\Actor_16\03-01-04-02-01-01-16.wav
sad,female,16,../data/raw\Actor_16\03-01-04-02-01-02-16.wav
sad,female,16,../data/raw\Actor_16\03-01-04-02-02-01-16.wav
sad,female,16,../data/raw\Actor_16\03-01-04-02-02-02-16.wav
angry,female,16,../data/raw\Actor_16\03-01-05-01-01-01-16.wav
angry,female,16,../data/raw\Actor_16\03-01-05-01-01-02-16.wav
angry,female,16,../data/raw\Actor_16\03-01-05-01-02-01-16.wav
angry,female,16,../data/raw\Actor_16\03-01-05-01-02-02-16.wav
angry,female,16,../data/raw\Actor_16\03-01-05-02-01-01-16.wav
angry,female,16,../data/raw\Actor_16\03-01-05-02-01-02-16.wav
angry,female,16,../data/raw\Actor_16\03-01-05-02-02-01-16.wav
angry,female,16,../data/raw\Actor_16\03-01-05-02-02-02-16.wav
fear,female,16,../data/raw\Actor_16\03-01-06-01-01-01-16.wav
fear,female,16,../data/raw\Actor_16\03-01-06-01-01-02-16.wav
fear,female,16,../data/raw\Actor_16\03-01-06-01-02-01-16.wav
fear,female,16,../data/raw\Actor_16\03-01-06-01-02-02-16.wav
fear,female,16,../data/raw\Actor_16\03-01-06-02-01-01-16.wav
fear,female,16,../data/raw\Actor_16\03-01-06-02-01-02-16.wav
fear,female,16,../data/raw\Actor_16\03-01-06-02-02-01-16.wav
fear,female,16,../data/raw\Actor_16\03-01-06-02-02-02-16.wav
disgust,female,16,../data/raw\Actor_16\03-01-07-01-01-01-16.wav
disgust,female,16,../data/raw\Actor_16\03-01-07-01-01-02-16.wav
disgust,female,16,../data/raw\Actor_16\03-01-07-01-02-01-16.wav
disgust,female,16,../data/raw\Actor_16\03-01-07-01-02-02-16.wav
disgust,female,16,../data/raw\Actor_16\03-01-07-02-01-01-16.wav
disgust,female,16,../data/raw\Actor_16\03-01-07-02-01-02-16.wav
disgust,female,16,../data/raw\Actor_16\03-01-07-02-02-01-16.wav
disgust,female,16,../data/raw\Actor_16\03-01-07-02-02-02-16.wav
surprise,female,16,../data/raw\Actor_16\03-01-08-01-01-01-16.wav
surprise,female,16,../data/raw\Actor_16\03-01-08-01-01-02-16.wav
surprise,female,16,../data/raw\Actor_16\03-01-08-01-02-01-16.wav
surprise,female,16,../data/raw\Actor_16\03-01-08-01-02-02-16.wav
surprise,female,16,../data/raw\Actor_16\03-01-08-02-01-01-16.wav
surprise,female,16,../data/raw\Actor_16\03-01-08-02-01-02-16.wav
surprise,female,16,../data/raw\Actor_16\03-01-08-02-02-01-16.wav
surprise,female,16,../data/raw\Actor_16\03-01-08-02-02-02-16.wav
neutral,male,17,../data/raw\Actor_17\03-01-01-01-01-01-17.wav
neutral,male,17,../data/raw\Actor_17\03-01-01-01-01-02-17.wav
neutral,male,17,../data/raw\Actor_17\03-01-01-01-02-01-17.wav
neutral,male,17,../data/raw\Actor_17\03-01-01-01-02-02-17.wav
calm,male,17,../data/raw\Actor_17\03-01-02-01-01-01-17.wav
calm,male,17,../data/raw\Actor_17\03-01-02-01-01-02-17.wav
calm,male,17,../data/raw\Actor_17\03-01-02-01-02-01-17.wav
calm,male,17,../data/raw\Actor_17\03-01-02-01-02-02-17.wav
calm,male,17,../data/raw\Actor_17\03-01-02-02-01-01-17.wav
calm,male,17,../data/raw\Actor_17\03-01-02-02-01-02-17.wav
calm,male,17,../data/raw\Actor_17\03-01-02-02-02-01-17.wav
calm,male,17,../data/raw\Actor_17\03-01-02-02-02-02-17.wav
happy,male,17,../data/raw\Actor_17\03-01-03-01-01-01-17.wav
happy,male,17,../data/raw\Actor_17\03-01-03-01-01-02-17.wav
happy,male,17,../data/raw\Actor_17\03-01-03-01-02-01-17.wav
happy,male,17,../data/raw\Actor_17\03-01-03-01-02-02-17.wav
happy,male,17,../data/raw\Actor_17\03-01-03-02-01-01-17.wav
happy,male,17,../data/raw\Actor_17\03-01-03-02-01-02-17.wav
happy,male,17,../data/raw\Actor_17\03-01-03-02-02-01-17.wav
happy,male,17,../data/raw\Actor_17\03-01-03-02-02-02-17.wav
sad,male,17,../data/raw\Actor_17\03-01-04-01-01-01-17.wav
sad,male,17,../data/raw\Actor_17\03-01-04-01-01-02-17.wav
sad,male,17,../data/raw\Actor_17\03-01-04-01-02-01-17.wav
sad,male,17,../data/raw\Actor_17\03-01-04-01-02-02-17.wav
sad,male,17,../data/raw\Actor_17\03-01-04-02-01-01-17.wav
sad,male,17,../data/raw\Actor_17\03-01-04-02-01-02-17.wav
sad,male,17,../data/raw\Actor_17\03-01-04-02-02-01-17.wav
sad,male,17,../data/raw\Actor_17\03-01-04-02-02-02-17.wav
angry,male,17,../data/raw\Actor_17\03-01-05-01-01-01-17.wav
angry,male,17,../data/raw\Actor_17\03-01-05-01-01-02-17.wav
angry,male,17,../data/raw\Actor_17\03-01-05-01-02-01-17.wav
angry,male,17,../data/raw\Actor_17\03-01-05-01-02-02-17.wav
angry,male,17,../data/raw\Actor_17\03-01-05-02-01-01-17.wav
angry,male,17,../data/raw\Actor_17\03-01-05-02-01-02-17.wav
angry,male,17,../data/raw\Actor_17\03-01-05-02-02-01-17.wav
angry,male,17,../data/raw\Actor_17\03-01-05-02-02-02-17.wav
fear,male,17,../data/raw\Actor_17\03-01-06-01-01-01-17.wav
fear,male,17,../data/raw\Actor_17\03-01-06-01-01-02-17.wav
fear,male,17,../data/raw\Actor_17\03-01-06-01-02-01-17.wav
fear,male,17,../data/raw\Actor_17\03-01-06-01-02-02-17.wav
fear,male,17,../data/raw\Actor_17\03-01-06-02-01-01-17.wav
fear,male,17,../data/raw\Actor_17\03-01-06-02-01-02-17.wav
fear,male,17,../data/raw\Actor_17\03-01-06-02-02-01-17.wav
fear,male,17,../data/raw\Actor_17\03-01-06-02-02-02-17.wav
disgust,male,17,../data/raw\Actor_17\03-01-07-01-01-01-17.wav
disgust,male,17,../data/raw\Actor_17\03-01-07-01-01-02-17.wav
disgust,male,17,../data/raw\Actor_17\03-01-07-01-02-01-17.wav
disgust,male,17,../data/raw\Actor_17\03-01-07-01-02-02-17.wav
disgust,male,17,../data/raw\Actor_17\03-01-07-02-01-01-17.wav
disgust,male,17,../data/raw\Actor_17\03-01-07-02-01-02-17.wav
disgust,male,17,../data/raw\Actor_17\03-01-07-02-02-01-17.wav
disgust,male,17,../data/raw\Actor_17\03-01-07-02-02-02-17.wav
surprise,male,17,../data/raw\Actor_17\03-01-08-01-01-01-17.wav
surprise,male,17,../data/raw\Actor_17\03-01-08-01-01-02-17.wav
surprise,male,17,../data/raw\Actor_17\03-01-08-01-02-01-17.wav
surprise,male,17,../data/raw\Actor_17\03-01-08-01-02-02-17.wav
surprise,male,17,../data/raw\Actor_17\03-01-08-02-01-01-17.wav
surprise,male,17,../data/raw\Actor_17\03-01-08-02-01-02-17.wav
surprise,male,17,../data/raw\Actor_17\03-01-08-02-02-01-17.wav
surprise,male,17,../data/raw\Actor_17\03-01-08-02-02-02-17.wav
neutral,female,18,../data/raw\Actor_18\03-01-01-01-01-01-18.wav
neutral,female,18,../data/raw\Actor_18\03-01-01-01-01-02-18.wav
neutral,female,18,../data/raw\Actor_18\03-01-01-01-02-01-18.wav
neutral,female,18,../data/raw\Actor_18\03-01-01-01-02-02-18.wav
calm,female,18,../data/raw\Actor_18\03-01-02-01-01-01-18.wav
calm,female,18,../data/raw\Actor_18\03-01-02-01-01-02-18.wav
calm,female,18,../data/raw\Actor_18\03-01-02-01-02-01-18.wav
calm,female,18,../data/raw\Actor_18\03-01-02-01-02-02-18.wav
calm,female,18,../data/raw\Actor_18\03-01-02-02-01-01-18.wav
calm,female,18,../data/raw\Actor_18\03-01-02-02-01-02-18.wav
calm,female,18,../data/raw\Actor_18\03-01-02-02-02-01-18.wav
calm,female,18,../data/raw\Actor_18\03-01-02-02-02-02-18.wav
happy,female,18,../data/raw\Actor_18\03-01-03-01-01-01-18.wav
happy,female,18,../data/raw\Actor_18\03-01-03-01-01-02-18.wav
happy,female,18,../data/raw\Actor_18\03-01-03-01-02-01-18.wav
happy,female,18,../data/raw\Actor_18\03-01-03-01-02-02-18.wav
happy,female,18,../data/raw\Actor_18\03-01-03-02-01-01-18.wav
happy,female,18,../data/raw\Actor_18\03-01-03-02-01-02-18.wav
happy,female,18,../data/raw\Actor_18\03-01-03-02-02-01-18.wav
happy,female,18,../data/raw\Actor_18\03-01-03-02-02-02-18.wav
sad,female,18,../data/raw\Actor_18\03-01-04-01-01-01-18.wav
sad,female,18,../data/raw\Actor_18\03-01-04-01-01-02-18.wav
sad,female,18,../data/raw\Actor_18\03-01-04-01-02-01-18.wav
sad,female,18,../data/raw\Actor_18\03-01-04-01-02-02-18.wav
sad,female,18,../data/raw\Actor_18\03-01-04-02-01-01-18.wav
sad,female,18,../data/raw\Actor_18\03-01-04-02-01-02-18.wav
sad,female,18,../data/raw\Actor_18\03-01-04-02-02-01-18.wav
sad,female,18,../data/raw\Actor_18\03-01-04-02-02-02-18.wav
angry,female,18,../data/raw\Actor_18\03-01-05-01-01-01-18.wav
angry,female,18,../data/raw\Actor_18\03-01-05-01-01-02-18.wav
angry,female,18,../data/raw\Actor_18\03-01-05-01-02-01-18.wav
angry,female,18,../data/raw\Actor_18\03-01-05-01-02-02-18.wav
angry,female,18,../data/raw\Actor_18\03-01-05-02-01-01-18.wav
angry,female,18,../data/raw\Actor_18\03-01-05-02-01-02-18.wav
angry,female,18,../data/raw\Actor_18\03-01-05-02-02-01-18.wav
angry,female,18,../data/raw\Actor_18\03-01-05-02-02-02-18.wav
fear,female,18,../data/raw\Actor_18\03-01-06-01-01-01-18.wav
fear,female,18,../data/raw\Actor_18\03-01-06-01-01-02-18.wav
fear,female,18,../data/raw\Actor_18\03-01-06-01-02-01-18.wav
fear,female,18,../data/raw\Actor_18\03-01-06-01-02-02-18.wav
fear,female,18,../data/raw\Actor_18\03-01-06-02-01-01-18.wav
fear,female,18,../data/raw\Actor_18\03-01-06-02-01-02-18.wav
fear,female,18,../data/raw\Actor_18\03-01-06-02-02-01-18.wav
fear,female,18,../data/raw\Actor_18\03-01-06-02-02-02-18.wav
disgust,female,18,../data/raw\Actor_18\03-01-07-01-01-01-18.wav
disgust,female,18,../data/raw\Actor_18\03-01-07-01-01-02-18.wav
disgust,female,18,../data/raw\Actor_18\03-01-07-01-02-01-18.wav
disgust,female,18,../data/raw\Actor_18\03-01-07-01-02-02-18.wav
disgust,female,18,../data/raw\Actor_18\03-01-07-02-01-01-18.wav
disgust,female,18,../data/raw\Actor_18\03-01-07-02-01-02-18.wav
disgust,female,18,../data/raw\Actor_18\03-01-07-02-02-01-18.wav
disgust,female,18,../data/raw\Actor_18\03-01-07-02-02-02-18.wav
surprise,female,18,../data/raw\Actor_18\03-01-08-01-01-01-18.wav
surprise,female,18,../data/raw\Actor_18\03-01-08-01-01-02-18.wav
surprise,female,18,../data/raw\Actor_18\03-01-08-01-02-01-18.wav
surprise,female,18,../data/raw\Actor_18\03-01-08-01-02-02-18.wav
surprise,female,18,../data/raw\Actor_18\03-01-08-02-01-01-18.wav
surprise,female,18,../data/raw\Actor_18\03-01-08-02-01-02-18.wav
surprise,female,18,../data/raw\Actor_18\03-01-08-02-02-01-18.wav
surprise,female,18,../data/raw\Actor_18\03-01-08-02-02-02-18.wav
neutral,male,19,../data/raw\Actor_19\03-01-01-01-01-01-19.wav
neutral,male,19,../data/raw\Actor_19\03-01-01-01-01-02-19.wav
neutral,male,19,../data/raw\Actor_19\03-01-01-01-02-01-19.wav
neutral,male,19,../data/raw\Actor_19\03-01-01-01-02-02-19.wav
calm,male,19,../data/raw\Actor_19\03-01-02-01-01-01-19.wav
calm,male,19,../data/raw\Actor_19\03-01-02-01-01-02-19.wav
calm,male,19,../data/raw\Actor_19\03-01-02-01-02-01-19.wav
calm,male,19,../data/raw\Actor_19\03-01-02-01-02-02-19.wav
calm,male,19,../data/raw\Actor_19\03-01-02-02-01-01-19.wav
calm,male,19,../data/raw\Actor_19\03-01-02-02-01-02-19.wav
calm,male,19,../data/raw\Actor_19\03-01-02-02-02-01-19.wav
calm,male,19,../data/raw\Actor_19\03-01-02-02-02-02-19.wav
happy,male,19,../data/raw\Actor_19\03-01-03-01-01-01-19.wav
happy,male,19,../data/raw\Actor_19\03-01-03-01-01-02-19.wav
happy,male,19,../data/raw\Actor_19\03-01-03-01-02-01-19.wav
happy,male,19,../data/raw\Actor_19\03-01-03-01-02-02-19.wav
happy,male,19,../data/raw\Actor_19\03-01-03-02-01-01-19.wav
happy,male,19,../data/raw\Actor_19\03-01-03-02-01-02-19.wav
happy,male,19,../data/raw\Actor_19\03-01-03-02-02-01-19.wav
happy,male,19,../data/raw\Actor_19\03-01-03-02-02-02-19.wav
sad,male,19,../data/raw\Actor_19\03-01-04-01-01-01-19.wav
sad,male,19,../data/raw\Actor_19\03-01-04-01-01-02-19.wav
sad,male,19,../data/raw\Actor_19\03-01-04-01-02-01-19.wav
sad,male,19,../data/raw\Actor_19\03-01-04-01-02-02-19.wav
sad,male,19,../data/raw\Actor_19\03-01-04-02-01-01-19.wav
sad,male,19,../data/raw\Actor_19\03-01-04-02-01-02-19.wav
sad,male,19,../data/raw\Actor_19\03-01-04-02-02-01-19.wav
sad,male,19,../data/raw\Actor_19\03-01-04-02-02-02-19.wav
angry,male,19,../data/raw\Actor_19\03-01-05-01-01-01-19.wav
angry,male,19,../data/raw\Actor_19\03-01-05-01-01-02-19.wav
angry,male,19,../data/raw\Actor_19\03-01-05-01-02-01-19.wav
angry,male,19,../data/raw\Actor_19\03-01-05-01-02-02-19.wav
angry,male,19,../data/raw\Actor_19\03-01-05-02-01-01-19.wav
angry,male,19,../data/raw\Actor_19\03-01-05-02-01-02-19.wav
angry,male,19,../data/raw\Actor_19\03-01-05-02-02-01-19.wav
angry,male,19,../data/raw\Actor_19\03-01-05-02-02-02-19.wav
fear,male,19,../data/raw\Actor_19\03-01-06-01-01-01-19.wav
fear,male,19,../data/raw\Actor_19\03-01-06-01-01-02-19.wav
fear,male,19,../data/raw\Actor_19\03-01-06-01-02-01-19.wav
fear,male,19,../data/raw\Actor_19\03-01-06-01-02-02-19.wav
fear,male,19,../data/raw\Actor_19\03-01-06-02-01-01-19.wav
fear,male,19,../data/raw\Actor_19\03-01-06-02-01-02-19.wav
fear,male,19,../data/raw\Actor_19\03-01-06-02-02-01-19.wav
fear,male,19,../data/raw\Actor_19\03-01-06-02-02-02-19.wav
disgust,male,19,../data/raw\Actor_19\03-01-07-01-01-01-19.wav
disgust,male,19,../data/raw\Actor_19\03-01-07-01-01-02-19.wav
disgust,male,19,../data/raw\Actor_19\03-01-07-01-02-01-19.wav
disgust,male,19,../data/raw\Actor_19\03-01-07-01-02-02-19.wav
disgust,male,19,../data/raw\Actor_19\03-01-07-02-01-01-19.wav
disgust,male,19,../data/raw\Actor_19\03-01-07-02-01-02-19.wav
disgust,male,19,../data/raw\Actor_19\03-01-07-02-02-01-19.wav
disgust,male,19,../data/raw\Actor_19\03-01-07-02-02-02-19.wav
surprise,male,19,../data/raw\Actor_19\03-01-08-01-01-01-19.wav
surprise,male,19,../data/raw\Actor_19\03-01-08-01-01-02-19.wav
surprise,male,19,../data/raw\Actor_19\03-01-08-01-02-01-19.wav
surprise,male,19,../data/raw\Actor_19\03-01-08-01-02-02-19.wav
surprise,male,19,../data/raw\Actor_19\03-01-08-02-01-01-19.wav
surprise,male,19,../data/raw\Actor_19\03-01-08-02-01-02-19.wav
surprise,male,19,../data/raw\Actor_19\03-01-08-02-02-01-19.wav
surprise,male,19,../data/raw\Actor_19\03-01-08-02-02-02-19.wav
neutral,female,20,../data/raw\Actor_20\03-01-01-01-01-01-20.wav
neutral,female,20,../data/raw\Actor_20\03-01-01-01-01-02-20.wav
neutral,female,20,../data/raw\Actor_20\03-01-01-01-02-01-20.wav
neutral,female,20,../data/raw\Actor_20\03-01-01-01-02-02-20.wav
calm,female,20,../data/raw\Actor_20\03-01-02-01-01-01-20.wav
calm,female,20,../data/raw\Actor_20\03-01-02-01-01-02-20.wav
calm,female,20,../data/raw\Actor_20\03-01-02-01-02-01-20.wav
calm,female,20,../data/raw\Actor_20\03-01-02-01-02-02-20.wav
calm,female,20,../data/raw\Actor_20\03-01-02-02-01-01-20.wav
calm,female,20,../data/raw\Actor_20\03-01-02-02-01-02-20.wav
calm,female,20,../data/raw\Actor_20\03-01-02-02-02-01-20.wav
calm,female,20,../data/raw\Actor_20\03-01-02-02-02-02-20.wav
happy,female,20,../data/raw\Actor_20\03-01-03-01-01-01-20.wav
happy,female,20,../data/raw\Actor_20\03-01-03-01-01-02-20.wav
happy,female,20,../data/raw\Actor_20\03-01-03-01-02-01-20.wav
happy,female,20,../data/raw\Actor_20\03-01-03-01-02-02-20.wav
happy,female,20,../data/raw\Actor_20\03-01-03-02-01-01-20.wav
happy,female,20,../data/raw\Actor_20\03-01-03-02-01-02-20.wav
happy,female,20,../data/raw\Actor_20\03-01-03-02-02-01-20.wav
happy,female,20,../data/raw\Actor_20\03-01-03-02-02-02-20.wav
sad,female,20,../data/raw\Actor_20\03-01-04-01-01-01-20.wav
sad,female,20,../data/raw\Actor_20\03-01-04-01-01-02-20.wav
sad,female,20,../data/raw\Actor_20\03-01-04-01-02-01-20.wav
sad,female,20,../data/raw\Actor_20\03-01-04-01-02-02-20.wav
sad,female,20,../data/raw\Actor_20\03-01-04-02-01-01-20.wav
sad,female,20,../data/raw\Actor_20\03-01-04-02-01-02-20.wav
sad,female,20,../data/raw\Actor_20\03-01-04-02-02-01-20.wav
sad,female,20,../data/raw\Actor_20\03-01-04-02-02-02-20.wav
angry,female,20,../data/raw\Actor_20\03-01-05-01-01-01-20.wav
angry,female,20,../data/raw\Actor_20\03-01-05-01-01-02-20.wav
angry,female,20,../data/raw\Actor_20\03-01-05-01-02-01-20.wav
angry,female,20,../data/raw\Actor_20\03-01-05-01-02-02-20.wav
angry,female,20,../data/raw\Actor_20\03-01-05-02-01-01-20.wav
angry,female,20,../data/raw\Actor_20\03-01-05-02-01-02-20.wav
angry,female,20,../data/raw\Actor_20\03-01-05-02-02-01-20.wav
angry,female,20,../data/raw\Actor_20\03-01-05-02-02-02-20.wav
fear,female,20,../data/raw\Actor_20\03-01-06-01-01-01-20.wav
fear,female,20,../data/raw\Actor_20\03-01-06-01-01-02-20.wav
fear,female,20,../data/raw\Actor_20\03-01-06-01-02-01-20.wav
fear,female,20,../data/raw\Actor_20\03-01-06-01-02-02-20.wav
fear,female,20,../data/raw\Actor_20\03-01-06-02-01-01-20.wav
fear,female,20,../data/raw\Actor_20\03-01-06-02-01-02-20.wav
fear,female,20,../data/raw\Actor_20\03-01-06-02-02-01-20.wav
fear,female,20,../data/raw\Actor_20\03-01-06-02-02-02-20.wav
disgust,female,20,../data/raw\Actor_20\03-01-07-01-01-01-20.wav
disgust,female,20,../data/raw\Actor_20\03-01-07-01-01-02-20.wav
disgust,female,20,../data/raw\Actor_20\03-01-07-01-02-01-20.wav
disgust,female,20,../data/raw\Actor_20\03-01-07-01-02-02-20.wav
disgust,female,20,../data/raw\Actor_20\03-01-07-02-01-01-20.wav
disgust,female,20,../data/raw\Actor_20\03-01-07-02-01-02-20.wav
disgust,female,20,../data/raw\Actor_20\03-01-07-02-02-01-20.wav
disgust,female,20,../data/raw\Actor_20\03-01-07-02-02-02-20.wav
surprise,female,20,../data/raw\Actor_20\03-01-08-01-01-01-20.wav
surprise,female,20,../data/raw\Actor_20\03-01-08-01-01-02-20.wav
surprise,female,20,../data/raw\Actor_20\03-01-08-01-02-01-20.wav
surprise,female,20,../data/raw\Actor_20\03-01-08-01-02-02-20.wav
surprise,female,20,../data/raw\Actor_20\03-01-08-02-01-01-20.wav
surprise,female,20,../data/raw\Actor_20\03-01-08-02-01-02-20.wav
surprise,female,20,../data/raw\Actor_20\03-01-08-02-02-01-20.wav
surprise,female,20,../data/raw\Actor_20\03-01-08-02-02-02-20.wav
neutral,male,21,../data/raw\Actor_21\03-01-01-01-01-01-21.wav
neutral,male,21,../data/raw\Actor_21\03-01-01-01-01-02-21.wav
neutral,male,21,../data/raw\Actor_21\03-01-01-01-02-01-21.wav
neutral,male,21,../data/raw\Actor_21\03-01-01-01-02-02-21.wav
calm,male,21,../data/raw\Actor_21\03-01-02-01-01-01-21.wav
calm,male,21,../data/raw\Actor_21\03-01-02-01-01-02-21.wav
calm,male,21,../data/raw\Actor_21\03-01-02-01-02-01-21.wav
calm,male,21,../data/raw\Actor_21\03-01-02-01-02-02-21.wav
calm,male,21,../data/raw\Actor_21\03-01-02-02-01-01-21.wav
calm,male,21,../data/raw\Actor_21\03-01-02-02-01-02-21.wav
calm,male,21,../data/raw\Actor_21\03-01-02-02-02-01-21.wav
calm,male,21,../data/raw\Actor_21\03-01-02-02-02-02-21.wav
happy,male,21,../data/raw\Actor_21\03-01-03-01-01-01-21.wav
happy,male,21,../data/raw\Actor_21\03-01-03-01-01-02-21.wav
happy,male,21,../data/raw\Actor_21\03-01-03-01-02-01-21.wav
happy,male,21,../data/raw\Actor_21\03-01-03-01-02-02-21.wav
happy,male,21,../data/raw\Actor_21\03-01-03-02-01-01-21.wav
happy,male,21,../data/raw\Actor_21\03-01-03-02-01-02-21.wav
happy,male,21,../data/raw\Actor_21\03-01-03-02-02-01-21.wav
happy,male,21,../data/raw\Actor_21\03-01-03-02-02-02-21.wav
sad,male,21,../data/raw\Actor_21\03-01-04-01-01-01-21.wav
sad,male,21,../data/raw\Actor_21\03-01-04-01-01-02-21.wav
sad,male,21,../data/raw\Actor_21\03-01-04-01-02-01-21.wav
sad,male,21,../data/raw\Actor_21\03-01-04-01-02-02-21.wav
sad,male,21,../data/raw\Actor_21\03-01-04-02-01-01-21.wav
sad,male,21,../data/raw\Actor_21\03-01-04-02-01-02-21.wav
sad,male,21,../data/raw\Actor_21\03-01-04-02-02-01-21.wav
sad,male,21,../data/raw\Actor_21\03-01-04-02-02-02-21.wav
angry,male,21,../data/raw\Actor_21\03-01-05-01-01-01-21.wav
angry,male,21,../data/raw\Actor_21\03-01-05-01-01-02-21.wav
angry,male,21,../data/raw\Actor_21\03-01-05-01-02-01-21.wav
angry,male,21,../data/raw\Actor_21\03-01-05-01-02-02-21.wav
angry,male,21,../data/raw\Actor_21\03-01-05-02-01-01-21.wav
angry,male,21,../data/raw\Actor_21\03-01-05-02-01-02-21.wav
angry,male,21,../data/raw\Actor_21\03-01-05-02-02-01-21.wav
angry,male,21,../data/raw\Actor_21\03-01-05-02-02-02-21.wav
fear,male,21,../data/raw\Actor_21\03-01-06-01-01-01-21.wav
fear,male,21,../data/raw\Actor_21\03-01-06-01-01-02-21.wav
fear,male,21,../data/raw\Actor_21\03-01-06-01-02-01-21.wav
fear,male,21,../data/raw\Actor_21\03-01-06-01-02-02-21.wav
fear,male,21,../data/raw\Actor_21\03-01-06-02-01-01-21.wav
fear,male,21,../data/raw\Actor_21\03-01-06-02-01-02-21.wav
fear,male,21,../data/raw\Actor_21\03-01-06-02-02-01-21.wav
fear,male,21,../data/raw\Actor_21\03-01-06-02-02-02-21.wav
disgust,male,21,../data/raw\Actor_21\03-01-07-01-01-01-21.wav
disgust,male,21,../data/raw\Actor_21\03-01-07-01-01-02-21.wav
disgust,male,21,../data/raw\Actor_21\03-01-07-01-02-01-21.wav
disgust,male,21,../data/raw\Actor_21\03-01-07-01-02-02-21.wav
disgust,male,21,../data/raw\Actor_21\03-01-07-02-01-01-21.wav
disgust,male,21,../data/raw\Actor_21\03-01-07-02-01-02-21.wav
disgust,male,21,../data/raw\Actor_21\03-01-07-02-02-01-21.wav
disgust,male,21,../data/raw\Actor_21\03-01-07-02-02-02-21.wav
surprise,male,21,../data/raw\Actor_21\03-01-08-01-01-01-21.wav
surprise,male,21,../data/raw\Actor_21\03-01-08-01-01-02-21.wav
surprise,male,21,../data/raw\Actor_21\03-01-08-01-02-01-21.wav
surprise,male,21,../data/raw\Actor_21\03-01-08-01-02-02-21.wav
surprise,male,21,../data/raw\Actor_21\03-01-08-02-01-01-21.wav
surprise,male,21,../data/raw\Actor_21\03-01-08-02-01-02-21.wav
surprise,male,21,../data/raw\Actor_21\03-01-08-02-02-01-21.wav
surprise,male,21,../data/raw\Actor_21\03-01-08-02-02-02-21.wav
neutral,female,22,../data/raw\Actor_22\03-01-01-01-01-01-22.wav
neutral,female,22,../data/raw\Actor_22\03-01-01-01-01-02-22.wav
neutral,female,22,../data/raw\Actor_22\03-01-01-01-02-01-22.wav
neutral,female,22,../data/raw\Actor_22\03-01-01-01-02-02-22.wav
calm,female,22,../data/raw\Actor_22\03-01-02-01-01-01-22.wav
calm,female,22,../data/raw\Actor_22\03-01-02-01-01-02-22.wav
calm,female,22,../data/raw\Actor_22\03-01-02-01-02-01-22.wav
calm,female,22,../data/raw\Actor_22\03-01-02-01-02-02-22.wav
calm,female,22,../data/raw\Actor_22\03-01-02-02-01-01-22.wav
calm,female,22,../data/raw\Actor_22\03-01-02-02-01-02-22.wav
calm,female,22,../data/raw\Actor_22\03-01-02-02-02-01-22.wav
calm,female,22,../data/raw\Actor_22\03-01-02-02-02-02-22.wav
happy,female,22,../data/raw\Actor_22\03-01-03-01-01-01-22.wav
happy,female,22,../data/raw\Actor_22\03-01-03-01-01-02-22.wav
happy,female,22,../data/raw\Actor_22\03-01-03-01-02-01-22.wav
happy,female,22,../data/raw\Actor_22\03-01-03-01-02-02-22.wav
happy,female,22,../data/raw\Actor_22\03-01-03-02-01-01-22.wav
happy,female,22,../data/raw\Actor_22\03-01-03-02-01-02-22.wav
happy,female,22,../data/raw\Actor_22\03-01-03-02-02-01-22.wav
happy,female,22,../data/raw\Actor_22\03-01-03-02-02-02-22.wav
sad,female,22,../data/raw\Actor_22\03-01-04-01-01-01-22.wav
sad,female,22,../data/raw\Actor_22\03-01-04-01-01-02-22.wav
sad,female,22,../data/raw\Actor_22\03-01-04-01-02-01-22.wav
sad,female,22,../data/raw\Actor_22\03-01-04-01-02-02-22.wav
sad,female,22,../data/raw\Actor_22\03-01-04-02-01-01-22.wav
sad,female,22,../data/raw\Actor_22\03-01-04-02-01-02-22.wav
sad,female,22,../data/raw\Actor_22\03-01-04-02-02-01-22.wav
sad,female,22,../data/raw\Actor_22\03-01-04-02-02-02-22.wav
angry,female,22,../data/raw\Actor_22\03-01-05-01-01-01-22.wav
angry,female,22,../data/raw\Actor_22\03-01-05-01-01-02-22.wav
angry,female,22,../data/raw\Actor_22\03-01-05-01-02-01-22.wav
angry,female,22,../data/raw\Actor_22\03-01-05-01-02-02-22.wav
angry,female,22,../data/raw\Actor_22\03-01-05-02-01-01-22.wav
angry,female,22,../data/raw\Actor_22\03-01-05-02-01-02-22.wav
angry,female,22,../data/raw\Actor_22\03-01-05-02-02-01-22.wav
angry,female,22,../data/raw\Actor_22\03-01-05-02-02-02-22.wav
fear,female,22,../data/raw\Actor_22\03-01-06-01-01-01-22.wav
fear,female,22,../data/raw\Actor_22\03-01-06-01-01-02-22.wav
fear,female,22,../data/raw\Actor_22\03-01-06-01-02-01-22.wav
fear,female,22,../data/raw\Actor_22\03-01-06-01-02-02-22.wav
fear,female,22,../data/raw\Actor_22\03-01-06-02-01-01-22.wav
fear,female,22,../data/raw\Actor_22\03-01-06-02-01-02-22.wav
fear,female,22,../data/raw\Actor_22\03-01-06-02-02-01-22.wav
fear,female,22,../data/raw\Actor_22\03-01-06-02-02-02-22.wav
disgust,female,22,../data/raw\Actor_22\03-01-07-01-01-01-22.wav
disgust,female,22,../data/raw\Actor_22\03-01-07-01-01-02-22.wav
disgust,female,22,../data/raw\Actor_22\03-01-07-01-02-01-22.wav
disgust,female,22,../data/raw\Actor_22\03-01-07-01-02-02-22.wav
disgust,female,22,../data/raw\Actor_22\03-01-07-02-01-01-22.wav
disgust,female,22,../data/raw\Actor_22\03-01-07-02-01-02-22.wav
disgust,female,22,../data/raw\Actor_22\03-01-07-02-02-01-22.wav
disgust,female,22,../data/raw\Actor_22\03-01-07-02-02-02-22.wav
surprise,female,22,../data/raw\Actor_22\03-01-08-01-01-01-22.wav
surprise,female,22,../data/raw\Actor_22\03-01-08-01-01-02-22.wav
surprise,female,22,../data/raw\Actor_22\03-01-08-01-02-01-22.wav
surprise,female,22,../data/raw\Actor_22\03-01-08-01-02-02-22.wav
surprise,female,22,../data/raw\Actor_22\03-01-08-02-01-01-22.wav
surprise,female,22,../data/raw\Actor_22\03-01-08-02-01-02-22.wav
surprise,female,22,../data/raw\Actor_22\03-01-08-02-02-01-22.wav
surprise,female,22,../data/raw\Actor_22\03-01-08-02-02-02-22.wav
neutral,male,23,../data/raw\Actor_23\03-01-01-01-01-01-23.wav
neutral,male,23,../data/raw\Actor_23\03-01-01-01-01-02-23.wav
neutral,male,23,../data/raw\Actor_23\03-01-01-01-02-01-23.wav
neutral,male,23,../data/raw\Actor_23\03-01-01-01-02-02-23.wav
calm,male,23,../data/raw\Actor_23\03-01-02-01-01-01-23.wav
calm,male,23,../data/raw\Actor_23\03-01-02-01-01-02-23.wav
calm,male,23,../data/raw\Actor_23\03-01-02-01-02-01-23.wav
calm,male,23,../data/raw\Actor_23\03-01-02-01-02-02-23.wav
calm,male,23,../data/raw\Actor_23\03-01-02-02-01-01-23.wav
calm,male,23,../data/raw\Actor_23\03-01-02-02-01-02-23.wav
calm,male,23,../data/raw\Actor_23\03-01-02-02-02-01-23.wav
calm,male,23,../data/raw\Actor_23\03-01-02-02-02-02-23.wav
happy,male,23,../data/raw\Actor_23\03-01-03-01-01-01-23.wav
happy,male,23,../data/raw\Actor_23\03-01-03-01-01-02-23.wav
happy,male,23,../data/raw\Actor_23\03-01-03-01-02-01-23.wav
happy,male,23,../data/raw\Actor_23\03-01-03-01-02-02-23.wav
happy,male,23,../data/raw\Actor_23\03-01-03-02-01-01-23.wav
happy,male,23,../data/raw\Actor_23\03-01-03-02-01-02-23.wav
happy,male,23,../data/raw\Actor_23\03-01-03-02-02-01-23.wav
happy,male,23,../data/raw\Actor_23\03-01-03-02-02-02-23.wav
sad,male,23,../data/raw\Actor_23\03-01-04-01-01-01-23.wav
sad,male,23,../data/raw\Actor_23\03-01-04-01-01-02-23.wav
sad,male,23,../data/raw\Actor_23\03-01-04-01-02-01-23.wav
sad,male,23,../data/raw\Actor_23\03-01-04-01-02-02-23.wav
sad,male,23,../data/raw\Actor_23\03-01-04-02-01-01-23.wav
sad,male,23,../data/raw\Actor_23\03-01-04-02-01-02-23.wav
sad,male,23,../data/raw\Actor_23\03-01-04-02-02-01-23.wav
sad,male,23,../data/raw\Actor_23\03-01-04-02-02-02-23.wav
angry,male,23,../data/raw\Actor_23\03-01-05-01-01-01-23.wav
angry,male,23,../data/raw\Actor_23\03-01-05-01-01-02-23.wav
angry,male,23,../data/raw\Actor_23\03-01-05-01-02-01-23.wav
angry,male,23,../data/raw\Actor_23\03-01-05-01-02-02-23.wav
angry,male,23,../data/raw\Actor_23\03-01-05-02-01-01-23.wav
angry,male,23,../data/raw\Actor_23\03-01-05-02-01-02-23.wav
angry,male,23,../data/raw\Actor_23\03-01-05-02-02-01-23.wav
angry,male,23,../data/raw\Actor_23\03-01-05-02-02-02-23.wav
fear,male,23,../data/raw\Actor_23\03-01-06-01-01-01-23.wav
fear,male,23,../data/raw\Actor_23\03-01-06-01-01-02-23.wav
fear,male,23,../data/raw\Actor_23\03-01-06-01-02-01-23.wav
fear,male,23,../data/raw\Actor_23\03-01-06-01-02-02-23.wav
fear,male,23,../data/raw\Actor_23\03-01-06-02-01-01-23.wav
fear,male,23,../data/raw\Actor_23\03-01-06-02-01-02-23.wav
fear,male,23,../data/raw\Actor_23\03-01-06-02-02-01-23.wav
fear,male,23,../data/raw\Actor_23\03-01-06-02-02-02-23.wav
disgust,male,23,../data/raw\Actor_23\03-01-07-01-01-01-23.wav
disgust,male,23,../data/raw\Actor_23\03-01-07-01-01-02-23.wav
disgust,male,23,../data/raw\Actor_23\03-01-07-01-02-01-23.wav
disgust,male,23,../data/raw\Actor_23\03-01-07-01-02-02-23.wav
disgust,male,23,../data/raw\Actor_23\03-01-07-02-01-01-23.wav
disgust,male,23,../data/raw\Actor_23\03-01-07-02-01-02-23.wav
disgust,male,23,../data/raw\Actor_23\03-01-07-02-02-01-23.wav
disgust,male,23,../data/raw\Actor_23\03-01-07-02-02-02-23.wav
surprise,male,23,../data/raw\Actor_23\03-01-08-01-01-01-23.wav
surprise,male,23,../data/raw\Actor_23\03-01-08-01-01-02-23.wav
surprise,male,23,../data/raw\Actor_23\03-01-08-01-02-01-23.wav
surprise,male,23,../data/raw\Actor_23\03-01-08-01-02-02-23.wav
surprise,male,23,../data/raw\Actor_23\03-01-08-02-01-01-23.wav
surprise,male,23,../data/raw\Actor_23\03-01-08-02-01-02-23.wav
surprise,male,23,../data/raw\Actor_23\03-01-08-02-02-01-23.wav
surprise,male,23,../data/raw\Actor_23\03-01-08-02-02-02-23.wav
neutral,female,24,../data/raw\Actor_24\03-01-01-01-01-01-24.wav
neutral,female,24,../data/raw\Actor_24\03-01-01-01-01-02-24.wav
neutral,female,24,../data/raw\Actor_24\03-01-01-01-02-01-24.wav
neutral,female,24,../data/raw\Actor_24\03-01-01-01-02-02-24.wav
calm,female,24,../data/raw\Actor_24\03-01-02-01-01-01-24.wav
calm,female,24,../data/raw\Actor_24\03-01-02-01-01-02-24.wav
calm,female,24,../data/raw\Actor_24\03-01-02-01-02-01-24.wav
calm,female,24,../data/raw\Actor_24\03-01-02-01-02-02-24.wav
calm,female,24,../data/raw\Actor_24\03-01-02-02-01-01-24.wav
calm,female,24,../data/raw\Actor_24\03-01-02-02-01-02-24.wav
calm,female,24,../data/raw\Actor_24\03-01-02-02-02-01-24.wav
calm,female,24,../data/raw\Actor_24\03-01-02-02-02-02-24.wav
happy,female,24,../data/raw\Actor_24\03-01-03-01-01-01-24.wav
happy,female,24,../data/raw\Actor_24\03-01-03-01-01-02-24.wav
happy,female,24,../data/raw\Actor_24\03-01-03-01-02-01-24.wav
happy,female,24,../data/raw\Actor_24\03-01-03-01-02-02-24.wav
happy,female,24,../data/raw\Actor_24\03-01-03-02-01-01-24.wav
happy,female,24,../data/raw\Actor_24\03-01-03-02-01-02-24.wav
happy,female,24,../data/raw\Actor_24\03-01-03-02-02-01-24.wav
happy,female,24,../data/raw\Actor_24\03-01-03-02-02-02-24.wav
sad,female,24,../data/raw\Actor_24\03-01-04-01-01-01-24.wav
sad,female,24,../data/raw\Actor_24\03-01-04-01-01-02-24.wav
sad,female,24,../data/raw\Actor_24\03-01-04-01-02-01-24.wav
sad,female,24,../data/raw\Actor_24\03-01-04-01-02-02-24.wav
sad,female,24,../data/raw\Actor_24\03-01-04-02-01-01-24.wav
sad,female,24,../data/raw\Actor_24\03-01-04-02-01-02-24.wav
sad,female,24,../data/raw\Actor_24\03-01-04-02-02-01-24.wav
sad,female,24,../data/raw\Actor_24\03-01-04-02-02-02-24.wav
angry,female,24,../data/raw\Actor_24\03-01-05-01-01-01-24.wav
angry,female,24,../data/raw\Actor_24\03-01-05-01-01-02-24.wav
angry,female,24,../data/raw\Actor_24\03-01-05-01-02-01-24.wav
angry,female,24,../data/raw\Actor_24\03-01-05-01-02-02-24.wav
angry,female,24,../data/raw\Actor_24\03-01-05-02-01-01-24.wav
angry,female,24,../data/raw\Actor_24\03-01-05-02-01-02-24.wav
angry,female,24,../data/raw\Actor_24\03-01-05-02-02-01-24.wav
angry,female,24,../data/raw\Actor_24\03-01-05-02-02-02-24.wav
fear,female,24,../data/raw\Actor_24\03-01-06-01-01-01-24.wav
fear,female,24,../data/raw\Actor_24\03-01-06-01-01-02-24.wav
fear,female,24,../data/raw\Actor_24\03-01-06-01-02-01-24.wav
fear,female,24,../data/raw\Actor_24\03-01-06-01-02-02-24.wav
fear,female,24,../data/raw\Actor_24\03-01-06-02-01-01-24.wav
fear,female,24,../data/raw\Actor_24\03-01-06-02-01-02-24.wav
fear,female,24,../data/raw\Actor_24\03-01-06-02-02-01-24.wav
fear,female,24,../data/raw\Actor_24\03-01-06-02-02-02-24.wav
disgust,female,24,../data/raw\Actor_24\03-01-07-01-01-01-24.wav
disgust,female,24,../data/raw\Actor_24\03-01-07-01-01-02-24.wav
disgust,female,24,../data/raw\Actor_24\03-01-07-01-02-01-24.wav
disgust,female,24,../data/raw\Actor_24\03-01-07-01-02-02-24.wav
disgust,female,24,../data/raw\Actor_24\03-01-07-02-01-01-24.wav
disgust,female,24,../data/raw\Actor_24\03-01-07-02-01-02-24.wav
disgust,female,24,../data/raw\Actor_24\03-01-07-02-02-01-24.wav
disgust,female,24,../data/raw\Actor_24\03-01-07-02-02-02-24.wav
surprise,female,24,../data/raw\Actor_24\03-01-08-01-01-01-24.wav
surprise,female,24,../data/raw\Actor_24\03-01-08-01-01-02-24.wav
surprise,female,24,../data/raw\Actor_24\03-01-08-01-02-01-24.wav
surprise,female,24,../data/raw\Actor_24\03-01-08-01-02-02-24.wav
surprise,female,24,../data/raw\Actor_24\03-01-08-02-01-01-24.wav
surprise,female,24,../data/raw\Actor_24\03-01-08-02-01-02-24.wav
surprise,female,24,../data/raw\Actor_24\03-01-08-02-02-01-24.wav
surprise,female,24,../data/raw\Actor_24\03-01-08-02-02-02-24.wav
